From Type,From Name,Edge Type,To Type,To Name,Date,Weight,NRS Reference
Person,Duchess of Hamilton,WROTE LETTER TO,Person,Unknown,c 1690,,GD406/1/3049
Person,Sunderland,WROTE LETTER TO,Person,Arran,"1690, May 24",,GD406/1/3189
Person,Charles Spencer,WROTE LETTER TO,Person,Arran,"1692, Oct 24",,GD406/1/3213
Person,George MacKenzie,WROTE LETTER TO,Person,Arran,c 1691,,GD406/1/3363
Person,Breadalbane,WROTE LETTER TO,Person,Arran,"1690, May 8",,GD406/1/3371
Person,Unknown,WROTE LETTER TO,Person,Hamitlon,"1688, Oct 27",,GD406/1/3388
Person,John Hamilton,WROTE LETTER TO,Person,Hamilton,"1688, Aug 7",,GD406/1/3389
Person,Walter Cornwall,WROTE LETTER TO,Person,Hamilton,"1689, Oct 7",,GD406/1/3390
Person,J. Macleane,WROTE LETTER TO,Person,Hamilton,"1689, Aug 12",,GD406/1/3391
Person,Melfort,WROTE LETTER TO,Person,Unknown,"1689, Apr 3",,GD406/1/3392
Person,Feversham,WROTE LETTER TO,Person,Major General Kirk,"1688, Nov 4",,GD406/1/3393
Person,Feversham,WROTE LETTER TO,Person,Arran,"1688, Nov 14",,GD406/1/3394
Person,Feversham,WROTE LETTER TO,Person,Major General Kirk,"1688, Nov 14",,GD406/1/3395
Person,Feversham,WROTE LETTER TO,Person,Arran,"1688, Nov 18",,GD406/1/3396
Person,Feversham,WROTE LETTER TO,Person,Arran,"1688, Nov 24",,GD406/1/3397
Person,Feversham,WROTE LETTER TO,Person,Arran,"1688, Nov 25",,GD406/1/3398
Person,Feversham,WROTE LETTER TO,Person,Arran,"1688, Dec 10",,GD406/1/3399
Person,Feversham,WROTE LETTER TO,Person,Lichfield's regiment and Arran's regiment,"1688, Dec 12",,GD406/1/3400
Person,King James,WROTE LETTER TO,Person,Feversham,"1688, Dec 10",,GD406/1/3401
Person,Unknown,WROTE LETTER TO,Person,Madam Harcourt,"1689, Nov 16",,GD406/1/3402
Person,H. Peyre,WROTE LETTER TO,Person,Mr. Billott,"1689, Jan 29",,GD406/1/3403
Person,Unknown,WROTE LETTER TO,Person,Mrs. Martha Ward,"1689, Feb 5",,GD406/1/3404
Person,Thomas Moncrieffe,WROTE LETTER TO,Person,Hamilton,"1689, Feb 7",,GD406/1/3405
Person,W. Hamilton,WROTE LETTER TO,Person,Cap. James Hamilton,"1689, Feb 20",,GD406/1/3407
Person,W. Hamilton,Account,Person,Arran,"1690, Feb 20",,GD406/1/3408
Person,H,WROTE LETTER TO,Person,Mr. Robert Craig,"1689, Mar 8",,GD406/1/3409
Person,Robert Webb,WROTE LETTER TO,Person,Hamilton,"1689, May 2",,GD406/1/3410
Person,Lie. Col. John Buchan,WROTE LETTER TO,Person,Sir Charles Graham,"1689, Jun 25",,GD406/1/3411
Person,Alice Smith,WROTE LETTER TO,Person,Lady Gerard,"1689, Aug 13",,GD406/1/3412
Person,George Skirving,WROTE LETTER TO,Person,Arran,"1689, Aug 24",,GD406/1/3413
Person,Robert Webb,WROTE LETTER TO,Person,David Crawford,"1689, Sep 14",,GD406/1/3415
Person,H. Penge,WROTE LETTER TO,Person,Lady Gerard,"1690, Jan 20",,GD406/1/3416
Person,Unknown,WROTE LETTER TO,Person,Arran,"1688, Mar 17",,GD406/1/3418
Person,Unknown,WROTE LETTER TO,Person,Arran,"1688, Oct 6",,GD406/1/3419
Person,James Hamilton,WROTE LETTER TO,Person,Arran,"1688, Mar 8",,GD406/1/3423
Person,James Hamilton,WROTE LETTER TO,Person,Arran,"1688, Oct 4",,GD406/1/3424
Person,William Hamilton,WROTE LETTER TO,Person,Arran,"1690, Mar 15",,GD406/1/3461
Person,William Hamilton,WROTE LETTER TO,Person,Arran,"1690, Feb 20",,GD406/1/3462
Person,William Hamilton,WROTE LETTER TO,Person,Arran,"1690, Mar 10",,GD406/1/3463
Person,Lady Belhaven,WROTE LETTER TO,Person,Duchess of Hamilton,"1688, May 8",,GD406/1/3477
Person,William Hamilton,WROTE LETTER TO,Person,Arran,"1688, Feb 25",,GD406/1/3478
Person,William Hamilton,WROTE LETTER TO,Person,Arran,"1688, Mar 6",,GD406/1/3479
Person,Sir George Lockhart,WROTE LETTER TO,Person,Arran,"1688, Mar 22",,GD406/1/3480
Person,William Hamilton,WROTE LETTER TO,Person,Arran,"1688, Feb 19",,GD406/1/3481
Person,William Hamilton,WROTE LETTER TO,Person,Arran,"1688, Jan 28",,GD406/1/3482
Person,W. Chetwynd,WROTE LETTER TO,Person,Edward Hungerford,"1688, Jun 16",,GD406/1/3483
Person,H. Perye,WROTE LETTER TO,Person,Lady Gerard,c 1688,,GD406/1/3484
Person,William Hamilton,WROTE LETTER TO,Person,Arran,"1688, Feb 7",,GD406/1/3485
Person,James Stewart,WROTE LETTER TO,Person,Arran,"1688, Jan 5",,GD406/1/3486
Person,W.W,WROTE LETTER TO,Person,Lady Gerard,"1688, Jun 24",,GD406/1/3487
Person,W.W,WROTE LETTER TO,Person,Lady Gerard,"1688, Jun 11",,GD406/1/3488
Person,J. Bourdenane,WROTE LETTER TO,Person,Mr. Charles Roberts,"1688, Feb 2",,GD406/1/3489
Person,Sunderland,WROTE LETTER TO,Person,Hamilton,"1688, Feb 14",,GD406/1/3490
Person,Hamilton,WROTE LETTER TO,Person,Sunderland,"1688, Feb 21",,GD406/1/3491
Person,J. Duncan,WROTE LETTER TO,Person,Mr. Crawford,"1688, Mar 3",,GD406/1/3492
Person,John Dalrymple,WROTE LETTER TO,Person,Arran,"1688, Mar 20",,GD406/1/3493
Person,D. Bellot,WROTE LETTER TO,Person,Mrs. Astbury,"1688, June",,GD406/1/3494
Person,W. Chetwynd,WROTE LETTER TO,Person,Lady Gerard,"1688, Jun 16",,GD406/1/3495
Person,D. Bellot,WROTE LETTER TO,Person,Edward Hungerford,"1688, Jul 9",,GD406/1/3497
Person,H. Perye,WROTE LETTER TO,Person,Lady Gerard,"1688, Aug 11",,GD406/1/3499
Person,Robert Cunningham,WROTE LETTER TO,Person,James Hamilton,"1688, Jul 20",,GD406/1/3500
Person,Unknown,WROTE LETTER TO,Person,Hamilton,"1688, May 15",,GD406/1/3502
Person,Unknown,WROTE LETTER TO,Person,Hamilton,n/a,,GD406/1/3503
Person,Unknown,WROTE LETTER TO,Person,Hamilton,"1688, Dec 23",,GD406/1/3504
Person,Unknown,WROTE LETTER TO,Person,Hamilton,"1688, Dec 2",,GD406/1/3505
Person,Unknown,WROTE LETTER TO,Person,Hamilton,"1688, May 15",,GD406/1/3506
Person,D. Nairne,Intercepted Letter,Person,Melfort,"1689, Mar 29",,GD406/1/3507
Person,Melfort,Intercepted Letter,Person,Perth,"1689, Mar 29",,GD406/1/3508
Person,Melfort,Intercepted Letter,Person,Mr. Brodie,c1689,,GD406/1/3509
Person,George Middleton,Intercepted Letter,Person,Major Robert Middleton,"1689, Mar 25",,GD406/1/3510
Person,A. Kennedy,Intercepted Letter,Person,Balcarres,"1689, Mar 28",,GD406/1/3511
Person,Lord Drummond,Intercepted Letter,Person,Perth,"1689, Mar 28",,GD406/1/3512
Person,"Servant, Lord Drummond",Intercepted Letter,Person,Perth,"1689, Mar 28",,GD406/1/3513
Person,David Cairnes,WROTE LETTER TO,Person,Argyll,"1689, Jul 11",,GD406/1/3514
Person,Dugal Campbell,WROTE LETTER TO,Person,Argyll,"1689, Jul 11",,GD406/1/3515
Person,John Campbell,WROTE LETTER TO,Person,Argyll,"1689, Jul 13",,GD406/1/3516
Person,William Campbell,WROTE LETTER TO,Person,Mr. Davgall Campbell,"1689, Jul 10",,GD406/1/3517
Person,Angus Campbell,WROTE LETTER TO,Person,Unknown,"1689, Jul 11",,GD406/1/3518
Person,Glencairn,WROTE LETTER TO,Person,Hamilton,"1689, Aug 5",,GD406/1/3519
Person,Tweeddale,WROTE LETTER TO,Person,Hamilton,"1689, Jul 2",,GD406/1/3520
Person,Shrewsbury,WROTE LETTER TO,Person,Hamilton,"1689, Apr 13",,GD406/1/3521
Person,Viscount Tarbat,WROTE LETTER TO,Person,Hamilton,"1689, Jun 3",,GD406/1/3522
Person,Viscount Tarbat,Petition,Organization,Privy Council ,"1689, Jun 3",,GD406/1/3523
Person,Schomberg,WROTE LETTER TO,Person,Hamilton,"1689, Aug 12",,GD406/1/3524
Ship,Swallow,Memorandum,Person,Hamilton,"1689, Jun 19",,GD406/1/3525
Person,Schomberg,WROTE LETTER TO,Person,Hamilton,"1689, Aug 13",,GD406/1/3526
Person,George Walker & John Michelburn,WROTE LETTER TO,Person,Major General Kirk,"1689, Jul 19",,GD406/1/3527
Person,Robert Brotherson,WROTE LETTER TO,Person,His cousin Thomas,"1689, Jul 26",,GD406/1/3528
Person,William Fullerton,WROTE LETTER TO,Person,Hamilton,"1689, Jul 28",,GD406/1/3529
Person,Major General Kirk,WROTE LETTER TO,Person,Hamilton,"1689, Jun 19",,GD406/1/3530
Person,Major General Kirk,WROTE LETTER TO,Person,Hamilton,"1689, Aug 4",,GD406/1/3531
Person,Major General Kirk,WROTE LETTER TO,Person,Hamilton,"1689, Jul 29",,GD406/1/3532
Person,Major General Kirk,Proclamation,Group,Protestant Subjects,"1689, Jul 24",,GD406/1/3533
Person,Captain George Rooke,WROTE LETTER TO,Person,Hamilton,"1689, May 11",,GD406/1/3534
Person,Captain George Rooke,WROTE LETTER TO,Person,Hamilton,"1689, Jul 20",,GD406/1/3535
Person,Captain George Rooke,WROTE LETTER TO,Person,Hamilton,"1689, Aug 2",,GD406/1/3536
Person,Captain George Rooke,Instructions,Person,Hamilton,"1689, May 4",,GD406/1/3537
Person,Captain George Rooke,WROTE LETTER TO,Person,Hamilton,"1689, Jul 30",,GD406/1/3538
Person,Captain George Rooke,WROTE LETTER TO,Person,Hamilton,"1689, Aug 9",,GD406/1/3539
Person,Captain George Rooke,WROTE LETTER TO,Person,Hamilton,"1689, Aug 13",,GD406/1/3540
Person,Captain George Rooke,WROTE LETTER TO,Person,Hamilton,"1689, Aug 26",,GD406/1/3541
Person,Captain George Rooke,WROTE LETTER TO,Person,Hamilton,"1689, Jun 20",,GD406/1/3542
Person,James Dalrymple,WROTE LETTER TO,Person,Hamilton,c 1689,,GD406/1/3543
Person,James Dalrymple,WROTE LETTER TO,Person,Hamilton,"1689, May 30",,GD406/1/3544
Person,John Dalrymple,WROTE LETTER TO,Person,Hamilton,"1689, May 16",,GD406/1/3545
Person,John Dalrymple,WROTE LETTER TO,Person,Hamilton,"1689, May 30",,GD406/1/3546
Person,John Dalrymple,WROTE LETTER TO,Person,Hamilton,"1691, Jan 13",,GD406/1/3547
Person,John Dalrymple,WROTE LETTER TO,Person,Hamilton,"1691, Jul",,GD406/1/3548
Person,John Dalrymple,WROTE LETTER TO,Person,Hamitlon,"1691, Oct 6-16",,GD406/1/3549
Person,John Dalrymple,WROTE LETTER TO,Person,Hamilton,"1692, Mar 3",,GD406/1/3550
Person,John Dalrymple,WROTE LETTER TO,Person,Hamilton,c 1692,,GD406/1/3551
Person,John Dalrymple,WROTE LETTER TO,Person,Hamilton,"1691, Dec 30",,GD406/1/3552
Person,John Dalrymple,WROTE LETTER TO,Person,Hamilton,"1691, Aug 17-27",,GD406/1/3553
Person,John Dalrymple,WROTE LETTER TO,Person,Hamilton,"1691, Feb 13",,GD406/1/3554
Person,John Dalrymple,WROTE LETTER TO,Person,Hamilton,c 1691,,GD406/1/3555
Person,John Dalrymple,WROTE LETTER TO,Person,Hamilton,"1691, Mar 17",,GD406/1/3556
Person,John Dalrymple,WROTE LETTER TO,Person,Hamilton,c 1691,,GD406/1/3557
Person,Argyll,WROTE LETTER TO,Person,Hamilton,"1689, Aug 2",,GD406/1/3558
Person,Argyll,WROTE LETTER TO,Person,Hamilton,"1689, Aug 5",,GD406/1/3559
Person,Argyll,WROTE LETTER TO,Person,Hamilton,"1689, Aug 5",,GD406/1/3560
Person,"Argyll, Glencairn, Eglinton & others",Opinion,Person,Hamilton,"1689, Jul 22",,GD406/1/3561
Person,Unknown,WROTE LETTER TO,Person,Argyll,"1689, Jul 18",,GD406/1/3562
Person,Argyll,WROTE LETTER TO,Person,Hamilton,"1689, Jul 22",,GD406/1/3564
Person,Argyll,WROTE LETTER TO,Person,Hamilton,"1689, Jul 25",,GD406/1/3565
Person,Argyll,WROTE LETTER TO,Person,Hamilton,"1689, Jul 20",,GD406/1/3566
Person,Argyll,WROTE LETTER TO,Person,Skelmorlie,"1689, May 12",,GD406/1/3567
Person,Argyll,WROTE LETTER TO,Person,Hamilton,"1689, Jul 14",,GD406/1/3568
Person,Master of Forbes,WROTE LETTER TO,Person,Hamilton,"1689, Jun 18",,GD406/1/3569
Person,Master of Forbes,WROTE LETTER TO,Person,Hamilton,"1689, Aug 5",,GD406/1/3570
Person,Polwarth,WROTE LETTER TO,Person,Hamilton,"1689, Sep 3",,GD406/1/3571
Person,Polwarth,WROTE LETTER TO,Person,Hamilton,"1689, Sep 5",,GD406/1/3572
Person,Polwarth,WROTE LETTER TO,Person,Hamilton,"1689, Aug 27",,GD406/1/3573
Person,Hamilton,WROTE LETTER TO,Person,Melville,"1689, May 20",,GD406/1/3574
Person,Hamilton,WROTE LETTER TO,Person,Melville,"1689, May 21",,GD406/1/3575
Person,Hamilton,WROTE LETTER TO,Person,Melvile,"1689, May 25",,GD406/1/3576
Person,Hamilton,WROTE LETTER TO,Person,Melville,"1689, May 30",,GD406/1/3577
Person,Hamilton,WROTE LETTER TO,Person,Melville,"1689, Jun 1",,GD406/1/3578
Person,Hamilton,WROTE LETTER TO,Person,Melville,"1689, Jun 4",,GD406/1/3579
Person,Hamilton,WROTE LETTER TO,Person,Melville,"1689, Jun 6",,GD406/1/3580
Person,Hamilton,WROTE LETTER TO,Person,Melville,"1689, Jun 8",,GD406/1/3581
Person,Hamilton,WROTE LETTER TO,Person,Melville,"1689, Jun 14",,GD406/1/3582
Person,Hamilton,WROTE LETTER TO,Person,Melville,"1689, Jun 18",,GD406/1/3583
Person,Hamilton,WROTE LETTER TO,Person,Melville,"1689, Jun 23",,GD406/1/3584
Person,Hamilton,WROTE LETTER TO,Person,Melville,"1689, Jun 25",,GD406/1/3585
Person,Hamilton,WROTE LETTER TO,Person,Melville,"1689, Jun 27",,GD406/1/3586
Person,Hamilton,WROTE LETTER TO,Person,Melville,"1689, Jul 2",,GD406/1/3587
Person,Hamilton,WROTE LETTER TO,Person,Melville,"1689, Jul 4",,GD406/1/3588
Person,Hamilton,WROTE LETTER TO,Person,Melville,"1689, Jul 6",,GD406/1/3589
Person,Hamilton,WROTE LETTER TO,Person,Melville,"1689, Jul 9",,GD406/1/3590
Person,Hamilton,WROTE LETTER TO,Person,Melville,"1689, Jul 13",,GD406/1/3591
Person,Hamilton,WROTE LETTER TO,Person,Melville,"1689, Jul 18",,GD406/1/3592
Person,Hamilton,WROTE LETTER TO,Person,Melville,"1689, Jul 23",,GD406/1/3593
Person,Hamilton,WROTE LETTER TO,Person,Melville,"1689, Jul 25",,GD406/1/3594
Person,Hamilton,WROTE LETTER TO,Person,Melville,"1689, Jul 29",,GD406/1/3595
Person,Hamilton,WROTE LETTER TO,Person,Melville,"1689, Jul 30",,GD406/1/3596
Person,Hamilton,WROTE LETTER TO,Person,Melville,"1689, Aug 1",,GD406/1/3597
Person,Hamilton,WROTE LETTER TO,Person,Melville,"1689, Aug 3",,GD406/1/3598
Person,Hamilton,WROTE LETTER TO,Person,Melville,"1689, Aug 6",,GD406/1/3599
Person,Hamilton,WROTE LETTER TO,Person,Melville,"1689, Aug 8",,GD406/1/3600
Person,Hamilton,WROTE LETTER TO,Person,Melville,"1689, Aug 13",,GD406/1/3601
Person,Hamilton,WROTE LETTER TO,Person,Melville,"1689, Aug 15",,GD406/1/3602
Person,Hamilton,WROTE LETTER TO,Person,Melville,"1689, Aug 16",,GD406/1/3603
Person,Hamilton,WROTE LETTER TO,Person,Melville,"1689, Dec 29",,GD406/1/3604
Person,Major General Mackay,WROTE LETTER TO,Person,Hamilton,"1689, Jun 13",,GD406/1/3605
Person,Major General Mackay,WROTE LETTER TO,Person,Hamilton,"1689, Jun 19",,GD406/1/3606
Person,Major General Mackay,WROTE LETTER TO,Person,Hamilton,"1689, Jul 14",,GD406/1/3607
Person,Major General Mackay,WROTE LETTER TO,Person,Hamilton,"1689, Jul 24",,GD406/1/3608
Person,Major General Mackay,WROTE LETTER TO,Person,Hamilton,"1689, Jul 26",,GD406/1/3609
Person,Major General Mackay,WROTE LETTER TO,Person,Hamilton,"1689, Jul 30",,GD406/1/3610
Person,Major General Mackay,WROTE LETTER TO,Person,Hamilton,"1689, Aug 4",,GD406/1/3611
Person,Major General Mackay,WROTE LETTER TO,Person,Hamilton,"1689, Aug 8",,GD406/1/3612
Person,Major General Mackay,WROTE LETTER TO,Person,Hamilton,"1689, Aug 11",,GD406/1/3613
Person,Major General Mackay,WROTE LETTER TO,Person,Hamilton,c 1689,,GD406/1/3614
Person,Major General Mackay,WROTE LETTER TO,Person,Hamilton,"1689, Sep 24",,GD406/1/3616
Person,Major General Mackay,Paper,Person,Hamilton,"1689, Aug 8",,GD406/1/3617
Person,Melville,WROTE LETTER TO,Person,Hamilton,"1689, May 15",,GD406/1/3618
Person,King William,WROTE LETTER TO,Organization,Convention of Estates,"1689, May 17",,GD406/1/3619
Person,Melville,WROTE LETTER TO,Person,Hamilton,"1689, May 18",,GD406/1/3620
Person,Melville,WROTE LETTER TO,Person,Hamilton,"1689, May 31",,GD406/1/3621
Person,Melville,WROTE LETTER TO,Person,Hamilton,"1689, Jun 4",,GD406/1/3622
Person,Melville,WROTE LETTER TO,Person,Hamilton,"1689, Jun 13",,GD406/1/3623
Person,King William,WROTE LETTER TO,Organization,Privy Council ,"1689, Jun 13",,GD406/1/3624
Person,Melville,WROTE LETTER TO,Person,Hamilton,"1689, Jun 15",,GD406/1/3625
Person,King William,Warrant,Person,Hamilton,"1689, Jun 15",,GD406/1/3626
Person,Melville,WROTE LETTER TO,Person,Hamilton,"1689, Jun 18",,GD406/1/3627
Person,Melville,WROTE LETTER TO,Person,Hamilton,"1689, Jun 27",,GD406/1/3628
Person,Melville,WROTE LETTER TO,Person,Hamilton,"1689, Jun 29",,GD406/1/3629
Person,Melville,WROTE LETTER TO,Person,Hamilton,"1689, Jul 2",,GD406/1/3630
Person,Melville,WROTE LETTER TO,Person,Hamilton,"1689, Jul 4",,GD406/1/3631
Person,King William,WROTE LETTER TO,Organization,Parliament,"1689, Jul 4",,GD406/1/3632
Person,Melville,WROTE LETTER TO,Person,Hamilton,"1689, Jul 9",,GD406/1/3633
Person,Unknown,WROTE LETTER TO,Person,Mr. James Graham,"1689, Jul 5",,GD406/1/3634
Person,King William,WROTE LETTER TO,Organization,Privy Council ,"1689, Jul 10",2,GD406/1/3635
Person,Melville,WROTE LETTER TO,Person,Hamilton,"1689, Jul 11",,GD406/1/3636
Person,Melville,WROTE LETTER TO,Person,Hamilton,"1689, Jul 13",,GD406/1/3637
Person,Melville,WROTE LETTER TO,Person,Hamilton,"1689, Jul 17",,GD406/1/3638
Person,Melville,WROTE LETTER TO,Person,Hamilton,"1689, Jul 19",,GD406/1/3639
Person,Melville,WROTE LETTER TO,Person,Hamilton,"1689, Jul 25",,GD406/1/3640
Person,Melville,WROTE LETTER TO,Person,Hamilton,"1689, Jul 27",,GD406/1/3641
Person,Melville,WROTE LETTER TO,Person,Hamilton,"1689, Aug 1",,GD406/1/3642
Person,King William,WROTE LETTER TO,Organization,Privy Council ,"1689, Aug 1",,GD406/1/3643
Person,Melville,WROTE LETTER TO,Person,Hamilton,"1689, Aug 3",,GD406/1/3644
Person,Melville,WROTE LETTER TO,Person,Hamilton,"1689, Aug 5",,GD406/1/3645
Person,Melville,WROTE LETTER TO,Person,Hamilton,"1689, Aug 8",,GD406/1/3646
Person,Melville,WROTE LETTER TO,Person,Hamilton,"1689, Aug 10",,GD406/1/3647
Person,Melville,WROTE LETTER TO,Person,Hamilton,"1689, Aug 13",,GD406/1/3648
Person,Melville,WROTE LETTER TO,Person,Hamilton,"1689, Dec 18",,GD406/1/3649
Person,Melville,WROTE LETTER TO,Person,Hamilton,"1690, Jan 4",,GD406/1/3650
Person,Melville,WROTE LETTER TO,Person,Hamilton,"1690, Jan 9",,GD406/1/3651
Person,Melville,WROTE LETTER TO,Person,Hamilton,"1690, Jan 16",,GD406/1/3652
Person,Melville,WROTE LETTER TO,Person,Hamilton,"1690, Jan 21",,GD406/1/3653
Person,Melville,WROTE LETTER TO,Person,Hamilton,"1690, Feb 13",,GD406/1/3654
Person,King William,WROTE LETTER TO,Organization,Privy Council ,"1690, Feb 13",,GD406/1/3655
Person,Melville,WROTE LETTER TO,Person,Hamilton,"1690, Jul 11",,GD406/1/3657
Person,Melville,WROTE LETTER TO,Person,Hamilton,"1691, Jul 29",,GD406/1/3658
Person,Melville,WROTE LETTER TO,Person,Hamilton,"1691, Aug 22",,GD406/1/3659
Person,King William,WROTE LETTER TO,Organization,Privy Council ,"1691, Aug 27",,GD406/1/3660
Person,Melville,WROTE LETTER TO,Person,Hamilton,"1691, Aug 8",,GD406/1/3661
Person,Melville,WROTE LETTER TO,Person,Hamilton,"1691, Aug",,GD406/1/3662
Person,Melville,WROTE LETTER TO,Person,Hamilton,"1691, Sep 22",,GD406/1/3663
Person,King William,WROTE LETTER TO,Organization,Privy Council ,c 1691,,GD406/1/3664
Person,Melville,WROTE LETTER TO,Person,Hamilton,"1691, Oct 22",,GD406/1/3665
Person,Melville,WROTE LETTER TO,Person,Hamilton,"1691, Nov 17",,GD406/1/3666
Person,Melville,WROTE LETTER TO,Person,Hamilton,"1691, Dec 19",,GD406/1/3667
Person,Melville,WROTE LETTER TO,Person,Hamilton,"1692, Jan 5",,GD406/1/3668
Person,Unknown,WROTE LETTER TO,Person,Arran,"1690, May 17",,GD406/1/3671
Person,King William,WROTE LETTER TO,Person,Parliament,"1690, Apr 18",,GD406/1/3672
Person,Ester de Varengeville,WROTE LETTER TO,Person,Duchess of Hamilton,"1690, Nov 7",,GD406/1/3674
Person,Dundonald,WROTE LETTER TO,Person,Hamilton,"1690, Apr 4",,GD406/1/3675
Person,John Hamilton,WROTE LETTER TO,Person,David Crawford,"1690, Jul 10",,GD406/1/3676
Organization,Privy Council ,Warrant,Organization,Parliament,"1690, Dec 4",,GD406/1/3677
Person,J. Crawford,WROTE LETTER TO,Person,David Crawford,"1690, Nov 16",,GD406/1/3678
Person,James Marshall,WROTE LETTER TO,Person,David Crawford,"1690, Aug 19",,GD406/1/3679
Person,Dudley Vanbrugh,WROTE LETTER TO,Person,David Crawford,"1690, Aug 24",,GD406/1/3680
Person,Unknown,WROTE LETTER TO,Person,Arran,"1690, May 13",,GD406/1/3681
Person,W. Hamilton,WROTE LETTER TO,Person,Arran,"1690, May 6",,GD406/1/3682
Person,Thomas Ailborne,WROTE LETTER TO,Person,Duchess of Hamilton,"1690, May 15",,GD406/1/3683
Person,D.C.,WROTE LETTER TO,Person,David Crawford,"1690, Apr 3",,GD406/1/3684
Person,Arran,WROTE LETTER TO,Person,David Crawford,"1690, May 30",,GD406/1/3685
Person,Unknown,WROTE LETTER TO,Person,Arran,"1690, May 20",,GD406/1/3686
Person,James Foulis,WROTE LETTER TO,Person,David Crawford,"1690, Apr 10",,GD406/1/3687
Person,Unknown,WROTE LETTER TO,Person,David Crawford,"1691, Jan 31",,GD406/1/3688
Person,William Stirling,WROTE LETTER TO,Person,David Crawford,"1691, Apr 22",,GD406/1/3689
Person,Robert Webb,WROTE LETTER TO,Person,David Crawford,"1691, Feb 17",,GD406/1/3691
Person,"Elizabeth, Countess of Clancarthy",WROTE LETTER TO,Person,Arran,"1692, Jan 13",,GD406/1/3692
Person,John Dalrymple,WROTE LETTER TO,Person,Arran,"1691, May 19",,GD406/1/3693
Person,Robert Murray,WROTE LETTER TO,Person,Arran,"1691, Nov 21",,GD406/1/3694
Person,Robert Murray,WROTE LETTER TO,Person,Selkirk,"1691, Oct 27",,GD406/1/3695
Person,John Anderson,WROTE LETTER TO,Person,Polwarth,"1691, May 6",,GD406/1/3696
Person,Charles Fielding,WROTE LETTER TO,Person,"Anne, Duchess of Hamilton","1692, Jan 4",,GD406/1/3697
Person,Rupert Billingsley,WROTE LETTER TO,Person,Unknown,"1691, Aug 1",,GD406/1/3698
Person,Sunderland,WROTE LETTER TO,Person,Arran,"1691, Dec 7",,GD406/1/3699
Person,Sunderland,WROTE LETTER TO,Person,Arran,"1691, May 16",,GD406/1/3700
Person,Sunderland,WROTE LETTER TO,Person,Arran,"1691, Mar 26",,GD406/1/3701
Person,Daniel Hamilton,WROTE LETTER TO,Person,David Crawford,"1692, Nov 5",,GD406/1/3706
Person,W. Fanshawe,WROTE LETTER TO,Person,Arran,"1692, Apr 20",,GD406/1/3707
Person,Marie Macdonald,WROTE LETTER TO,Person,Duchess of Hamilton,"1692, Jan 12",,GD406/1/3708
Person,Tweeddale,WROTE LETTER TO,Person,Hamilton,"1692, Apr 27",,GD406/1/3709
Person,Tweeddale,WROTE LETTER TO,Person,Hamilton,"1692, May 3",,GD406/1/3710
Person,Robert Murray,WROTE LETTER TO,Organization,Arran,"1692, Jan 12",,GD406/1/3712
Person,Robert Webb,WROTE LETTER TO,Person,David Crawford,"1692, Feb 1",,GD406/1/3713
Person,Robert Darloe,WROTE LETTER TO,Person,David Crawford,"1692, Jan 26",,GD406/1/3714
Person,Marie Macdonald,WROTE LETTER TO,Person,Duchess of Hamilton,"1691, Jun 21",,GD406/1/3716
Person,Marie Macdonald,WROTE LETTER TO,Person,Duchess of Hamilton,"1691, Aug 30",,GD406/1/3717
Person,Saltoun,WROTE LETTER TO,Person,Hamilton,"1692, Apr 29",,GD406/1/3718
Person,John Munro,WROTE LETTER TO,Person,Hamilton,"1692, May 26",,GD406/1/3719
Person,John Caldwell,WROTE LETTER TO,Person,David Crawford,"1692,Nov 6",,GD406/1/3720
Person,Duchess of Hamilton,WROTE LETTER TO,Person,Unknown,"1692, Jul 28",,GD406/1/3721
Person,Robert Darloe,WROTE LETTER TO,Person,David Crawford,"1692, Mar 22",,GD406/1/3722
Person,Colonel Cordrington,WROTE LETTER TO,Organization,Lords of Committee for Plantations,"1691, Jul 3",,GD406/1/3723
Person,Colonel Kendall,WROTE LETTER TO,Organization,Lords of Committee for Plantations,"1691, Jul 4",,GD406/1/3724
Person,Hew Wood,WROTE LETTER TO,Person,David Crawford,"1691, June 19",,GD406/1/3725
Person,"Archibald, Bishop of the Isles",WROTE LETTER TO,Person,David Crawford,"1691, Dec 19",,GD406/1/3726
Person,M. Fearn,WROTE LETTER TO,Person,David Crawford,"1691, Dec 22",,GD406/1/3727
Person,John Dalrymple,WROTE LETTER TO,Person,David Crawford,"1691, Aug 4",,GD406/1/3728
Person,William Hamilton,WROTE LETTER TO,Person,David Crawford,"1691, Jul 7",,GD406/1/3729
Person,Count Leslie,WROTE LETTER TO,Person,Hamilton,c 1691,,GD406/1/3730
Person,Unknown,WROTE LETTER TO,Person,Arran,"1691, May 21",,GD406/1/3731
Person,Unknown,WROTE LETTER TO,Person,Arran,"1691, June 13",,GD406/1/3732
Person,John Hamilton,WROTE LETTER TO,Person,David Crawford,"1691, Sep 18",,GD406/1/3733
Person,John Hamilton,WROTE LETTER TO,Person,David Crawford,"1691, May 23",,GD406/1/3734
Person,Robert Darloe,WROTE LETTER TO,Person,David Crawford,"1691, Jan 27",,GD406/1/3735
Person,John Hamilton,WROTE LETTER TO,Person,David Crawford,"1691, Oct 29",,GD406/1/3736
Person,William Hamilton,WROTE LETTER TO,Person,David Crawford,"1691, Aug 27",,GD406/1/3737
Person,J. Smith,WROTE LETTER TO,Person,David Crawford,"1691, Sep 9",,GD406/1/3738
Person,Rothes,WROTE LETTER TO,Person,Hamilton,c 1691,,GD406/1/3739
Person,William Hamilton,WROTE LETTER TO,Person,David Crawford,"1691, Jun 30",,GD406/1/3740
Person,James Ogilvie,WROTE LETTER TO,Person,William Black,"1691, Aug 17",,GD406/1/3741
Person,George Simpson,WROTE LETTER TO,Person,David Crawford,"1691, Jul 29",,GD406/1/3742
Person,John Hamilton,WROTE LETTER TO,Person,David Crawford,"1691, Jul 27",,GD406/1/3743
Person,Robert Darloe,WROTE LETTER TO,Person,David Crawford,"1691, Aug 3",,GD406/1/3744
Person,Hew Wood,WROTE LETTER TO,Person,David Crawford,"1691, Jun 6",,GD406/1/3745
Person,J. Bunteine,WROTE LETTER TO,Person,David Crawford,"1691, Mar 4",,GD406/1/3746
Person,Robert Johnston,WROTE LETTER TO,Person,David Crawford,"1691, May 15",,GD406/1/3747
Person,Robert Darloe,WROTE LETTER TO,Person,David Crawford,"1691, Aug 27",,GD406/1/3748
Person,Robert Darloe,WROTE LETTER TO,Person,David Crawford,"1691, Aug 13",,GD406/1/3749
Person,J. C. Dumfries,WROTE LETTER TO,Person,David Crawford,"1691, Aug 24",,GD406/1/3750
Person,E. J.,WROTE LETTER TO,Person,David Crawford,"1691, Jun 21",,GD406/1/3751
Person,"Susan Howard, Panmure",WROTE LETTER TO,Person,David Crawford,"1691, Dec 22",,GD406/1/3752
Person,William Hamilton,WROTE LETTER TO,Person,David Crawford,"1691, Mar 28",,GD406/1/3753
Person,A. Naismith,WROTE LETTER TO,Person,David Crawford,"1691, Dec 15",,GD406/1/3754
Person,James Coltart,WROTE LETTER TO,Person,David Crawford,"1691, Dec 12",,GD406/1/3755
Person,Thomas Wilson,WROTE LETTER TO,Person,David Crawford,"1691, Aug 3",,GD406/1/3756
Person,Hew Wood,WROTE LETTER TO,Person,David Crawford,"1692, Jan 29",,GD406/1/3757
Person,John Saunders,WROTE LETTER TO,Person,William Fullerton,"1691, Jul 21",,GD406/1/3758
Person,Hew Wood,WROTE LETTER TO,Person,David Crawford,"1692, Dec 6",,GD406/1/3759
Person,Unknown,WROTE LETTER TO,Person,David Crawford,"1692, Feb 6",,GD406/1/3760
Person,Selkirk,WROTE LETTER TO,Person,David Crawford,"1691, Dec 17",,GD406/1/3761
Person,John Robertson,WROTE LETTER TO,Person,David Crawford,c. 1691,,GD406/1/3762
Person,John Laing,WROTE LETTER TO,Person,David Crawford,"1692, Sep 29",,GD406/1/3763
Person,John Hamilton,WROTE LETTER TO,Person,David Crawford,"1692, Jul 29",,GD406/1/3764
Person,J. Baillie and A. Naismith,WROTE LETTER TO,Person,David Crawford,"1692, Mar 21",,GD406/1/3765
Person,G. Hamilton,WROTE LETTER TO,Person,Unknown,"1692, May 24",,GD406/1/3766
Person,Lilias Rutherford,WROTE LETTER TO,Person,Duchess of Hamilton,"1692, Nov 2",,GD406/1/3767
Person,Carstares,WROTE LETTER TO,Person,Hamilton,"1692, Dec 8",,GD406/1/3768
Person,Carstares,WROTE LETTER TO,Person,Hamilton,"1692, May 16",,GD406/1/3773
Person,W. Annan,WROTE LETTER TO,Person,David Crawford,"1692, Mar 29",,GD406/1/3778
Person,John Hamilton,WROTE LETTER TO,Person,David Crawford,"1692, Feb 23",,GD406/1/3779
Person,Richard Beavvoir,WROTE LETTER TO,Person,David Crawford,"1692, Sep 24",,GD406/1/3780
Person,James Deanes,WROTE LETTER TO,Person,Arran,"1692, Aug 30",,GD406/1/3781
Person,Robert Webb,WROTE LETTER TO,Person,David Crawford,"1692, Mar 2",,GD406/1/3782
Person,Robert Darloe,WROTE LETTER TO,Person,David Crawford,"1692, Feb 24",,GD406/1/3783
Group,Patrick Moray and Walter Cornwall,WROTE LETTER TO,Person,Hamilton,"1692, May 28",,GD406/1/3784
Person,John Hamilton,WROTE LETTER TO,Person,David Crawford,"1692, Nov 7",,GD406/1/3785
Person,John Hamilton,WROTE LETTER TO,Person,David Crawford,"1692, Jan 9",,GD406/1/3786
Person,Hamilton,WROTE LETTER TO,Person,Unknown,c 1690,,GD406/1/3787
Person,Hew Wood,WROTE LETTER TO,Person,David Crawford,"1692, Feb 9",,GD406/1/3788
Person,John Hamilton,WROTE LETTER TO,Person,David Crawford,"1692, Oct 25",,GD406/1/3789
Person,Unknown,WROTE LETTER TO,Person,David Crawford,"1692, Nov 29",,GD406/1/3790
Person,Gilbert Eliot,WROTE LETTER TO,Person,Hamilton,"1691, Oct 14",,GD406/1/3791
Person,Gilbert Eliot,WROTE LETTER TO,Person,Hamilton,"1691, Oct 21",,GD406/1/3792
Person,Gilbert Eliot,WROTE LETTER TO,Person,Hamilton,"1691, Oct 22",,GD406/1/3793
Person,Gilbert Eliot,WROTE LETTER TO,Person,Hamilton,"1691, Oct 24",,GD406/1/3794
Person,Gilbert Eliot,WROTE LETTER TO,Person,Hamilton,"1691, Oct 28",,GD406/1/3795
Person,Gilbert Eliot,WROTE LETTER TO,Person,Hamilton,"1691, Nov 4",,GD406/1/3796
Person,Lady Katherine Ranelagh,WROTE LETTER TO,Person,Duchess of Hamilton,"1690, Aug 6",,GD406/1/3797
Person,William Hamilton,WROTE LETTER TO,Person,Arran,"1692, Jan 6",,GD406/1/3798
Person,William Hamilton,WROTE LETTER TO,Person,David Crawford,"1691, Dec 1",,GD406/1/3799
Person,William Hamilton,WROTE LETTER TO,Person,Arran,"1692, Aug 30",,GD406/1/3802
Person,William Hamilton,WROTE LETTER TO,Person,David Crawford,"1692, Jul 14",,GD406/1/3803
Person,William Hamilton,WROTE LETTER TO,Person,David Crawford,"1692, Dec 24",,GD406/1/3804
Person,Hamilton,WROTE LETTER TO,Person,Melville,c Jan 1690,,GD406/1/3806
Person,Hamilton,WROTE LETTER TO,Person,John Dalrymple,"1691, Aug 1",,GD406/1/3807
Person,Hamilton,WROTE LETTER TO,Person,King William,"1691, Jun 20",,GD406/1/3808
Person,Hamilton,WROTE LETTER TO,Person,King William,"1691, Nov 2",,GD406/1/3809
Person,Hamilton,WROTE LETTER TO,Person,King William,"1690, Jan 6",,GD406/1/3810
Person,James Johnston,WROTE LETTER TO,Person,Hamilton,"1692, Dec 1",,GD406/1/3814
Person,Hamilton,WROTE LETTER TO,Person,James Johnston,"1692, Dec 10",,GD406/1/3815
Person,W. J.,WROTE LETTER TO,Person,David Crawford,,,GD406/1/3850
Person,Hew Wood,WROTE LETTER TO,Person,David Crawford,"1692, Nov 24",,GD406/1/3879
Person,Sunderland,WROTE LETTER TO,Person,Hamilton,"1690, Jun 29",,GD406/1/3881
Person,Katherine Polat,WROTE LETTER TO,Person,Arran,"1691, Apr 23",,GD406/1/4082
Person,Katherine Polat,WROTE LETTER TO,Person,Arran,"1691, Mar 3",,GD406/1/4083
Person,Katherine Polat,WROTE LETTER TO,Person,Arran,"1691, Feb 16",,GD406/1/4084
Person,Katherine Polat,WROTE LETTER TO,Person,Arran,"1691, Aug 29",,GD406/1/4085
Person,Katherine Polat,WROTE LETTER TO,Person,Arran,"1691, Dec 10",,GD406/1/4086
Person,Katherine Polat,WROTE LETTER TO,Person,Arran,"1691, Oct 20",,GD406/1/4087
Person,George Hamilton,WROTE LETTER TO,Person,Arran,"1692, Apr 7",,GD406/1/4089
Person,Hamilton,WROTE LETTER TO,Person,Duchess of Hamilton,"1690, Jul 1",,GD406/1/4090
Person,J. Parker,WROTE LETTER TO,Person,Arran,"1691, Apr 28",,GD406/1/4094
Person,Unknown,WROTE LETTER TO,Person,Arran,c 1690s,,GD406/1/4096
Person,Lady Elizabeth Clancarty,WROTE LETTER TO,Person,Arran,c 1690,,GD406/1/4157
Person,James Hamilton,WROTE LETTER TO,Person,David Crawford,"1691, May 26",,GD406/1/4226
Person,Lady Elizabeth Clancarty,WROTE LETTER TO,Person,Lady Anne Spencer,c 1690,,GD406/1/5105
Person,Lady Elizabeth Clancarty,WROTE LETTER TO,Person,Lady Anne Spencer,c 1690,,GD406/1/5106
Person,Countess of Sutherland,WROTE LETTER TO,Person,Arran,c 1691,,GD406/1/5505
Person,Hamilton,WROTE LETTER TO,Person,Unknown,"1688, Mar 29",,GD406/1/6210
Person,Duchess of Hamilton,WROTE LETTER TO,Person,Arran,"1689, Oct 7",,GD406/1/6218
Person,Duchess of Hamilton,WROTE LETTER TO,Person,Arran,n.d. [c 1689],,GD406/1/6226
Person,Duchess of Hamilton,WROTE LETTER TO,Person,Arran,"1689, May 26",,GD406/1/6225
Person,Duchess of Hamilton,WROTE LETTER TO,Person,Arran,"1689, Mar 13",,GD406/1/6227
Person,Duchess of Hamilton,WROTE LETTER TO,Person,Arran,"1688, Mar 22",,GD406/1/6252
Person,Duchess of Hamilton,WROTE LETTER TO,Person,Arran,"1688, Jan 27",,GD406/1/6253
Person,Duchess of Hamilton,WROTE LETTER TO,Person,Arran,"1688, Jan 20",,GD406/1/6254
Person,James St. Clair,WROTE LETTER TO,Person,Hamilton,"1688, Jan 27",,GD406/1/6257
Person,Hamilton,WROTE LETTER TO,Person,Arran,"1688, Apr 21",,GD406/1/6258
Person,Hamilton,WROTE LETTER TO,Person,Arran,"1688, Apr 27",,GD406/1/6259
Person,Arran,WROTE LETTER TO,Person,Hamilton,n.d. [c 1689],,GD406/1/6274
Person,Frank,WROTE LETTER TO,Person,Lady Anne Spencer,c 1688,,GD406/1/6298
Person,Lord George Hamilton,WROTE LETTER TO,Person,Arran,"1692, Feb 2",,GD406/1/6299
Person,Hamilton,WROTE LETTER TO,Person,Arran,"1689, Feb 28",,GD406/1/6306
Person,Hamilton,WROTE LETTER TO,Person,Duchess of Hamilton,"1689, Aug 3",,GD406/1/6337
Person,Hamilton,WROTE LETTER TO,Person,Duchess of Hamilton,"1689, Aug 31",,GD406/1/6338
Person,Hamilton,WROTE LETTER TO,Person,Duchess of Hamilton,"1689, Sep 3",,GD406/1/6339
Person,Hamilton,WROTE LETTER TO,Person,Duchess of Hamilton,"1689, Sep 5",,GD406/1/6340
Person,Hamilton,WROTE LETTER TO,Person,Duchess of Hamilton,"1689, Sep 10",,GD406/1/6341
Person,Hamilton,WROTE LETTER TO,Person,Duchess of Hamilton,"1689, Sep 14",,GD406/1/6342
Person,Hamilton,WROTE LETTER TO,Person,Duchess of Hamilton,"1689, Sep 17",,GD406/1/6343
Person,Hamilton,WROTE LETTER TO,Person,Duchess of Hamilton,"1689, Sep 21",,GD406/1/6344
Person,Hamilton,WROTE LETTER TO,Person,Duchess of Hamilton,"1689, Sep 23",,GD406/1/6345
Person,Hamilton,WROTE LETTER TO,Person,Duchess of Hamilton,"1689, Sep 23",,GD406/1/6346
Person,Hamilton,WROTE LETTER TO,Person,Duchess of Hamilton,"1689, Sep 30-Oct 1",,GD406/1/6391
Person,Hamilton,WROTE LETTER TO,Person,Duchess of Hamilton,"1689, Oct 3",,GD406/1/6392
Person,Hamilton,WROTE LETTER TO,Person,Duchess of Hamilton,"1689, Oct 5",,GD406/1/6393
Person,Hamilton,WROTE LETTER TO,Person,Duchess of Hamilton,"1689, Oct 8",,GD406/1/6394
Person,Hamilton,WROTE LETTER TO,Person,Duchess of Hamilton,"1689, Oct 10",,GD406/1/6395
Person,Hamilton,WROTE LETTER TO,Person,Duchess of Hamilton,"1689, Oct 15",,GD406/1/6396
Person,Selkirk,WROTE LETTER TO,Person,Arran,c 1689,,GD406/1/6397
Person,Hamilton,WROTE LETTER TO,Person,Duchess of Hamilton,"1689, Oct 17",,GD406/1/6416
Person,Hamilton,WROTE LETTER TO,Person,Duchess of Hamilton,"1689, Oct 19",,GD406/1/6417
Person,Hamilton,WROTE LETTER TO,Person,Duchess of Hamilton,"1689, Oct 22",,GD406/1/6446
Person,Hamilton,WROTE LETTER TO,Person,Duchess of Hamilton,"1689, Oct 24",,GD406/1/6447
Person,Hamilton,WROTE LETTER TO,Person,Duchess of Hamilton,"1689, Oct 26",,GD406/1/6448
Person,Hamilton,WROTE LETTER TO,Person,Duchess of Hamilton,"1689, Oct 29",,GD406/1/6449
Person,Hamilton,WROTE LETTER TO,Person,Duchess of Hamilton,"1689, Oct 31",,GD406/1/6450
Person,Hamilton,WROTE LETTER TO,Person,Duchess of Hamilton,"1689, Nov 2",,GD406/1/6451
Person,Arran,WROTE LETTER TO,Person,David Crawford,"1691, May 14",,GD406/1/6483
Person,Hamilton,WROTE LETTER TO,Person,Duchess of Hamilton,"1689, Nov 5",,GD406/1/6525
Person,Hamilton,WROTE LETTER TO,Person,Duchess of Hamilton,"1689, Nov 9",,GD406/1/6526
Person,Hamilton,WROTE LETTER TO,Person,Duchess of Hamilton,"1689, Nov 12",,GD406/1/6567
Person,Hamilton,WROTE LETTER TO,Person,Duchess of Hamilton,"1689, Nov 14",,GD406/1/6568
Person,Hamilton,WROTE LETTER TO,Person,Duchess of Hamilton,"1689, Nov 16",,GD406/1/6569
Person,Hamilton,WROTE LETTER TO,Person,Duchess of Hamilton,"1689, Nov 19",,GD406/1/6587
Person,Hamilton,WROTE LETTER TO,Person,Duchess of Hamilton,"1689, Nov 21",,GD406/1/6588
Person,Hamilton,WROTE LETTER TO,Person,Duchess of Hamilton,"1689, Nov 25-26",,GD406/1/6589
Person,Robert Spencer,WROTE LETTER TO,Person,Countess of Arran,1687/1688,,GD406/1/6615
Person,Unknown,Business,Person,Hamilton,"1688, May 14",,GD406/1/6621
Person,V. de Vallace,WROTE LETTER TO,Person,Hamilton,c 1689,,GD406/1/6622
Person,James Hay,WROTE LETTER TO,Person,Hamilton,"1692, Mar 16",,GD406/1/6624
Person,Countess of Arran,WROTE LETTER TO,Person,Arran,c 1688,,GD406/1/6630
Person,Marquis of Hamilton,WROTE LETTER TO,Person,Hamilton of Orbiston,"1688, Nov 5",,GD406/1/6631
Person,Countess of Arran,WROTE LETTER TO,Person,Arran,c 1688,,GD406/1/6920
Person,Countess of Cassillis,WROTE LETTER TO,Person,Arran,c 1688,,GD406/1/6927
Person,Countess of Cassillis,WROTE LETTER TO,Person,Arran,"1688, Feb 5",,GD406/1/6929
Person,Unknown,WROTE LETTER TO,Person,Arran,n.d.,,GD406/1/6970
Person,Arran,WROTE LETTER TO,Person,Unknown,c 1690,,GD406/1/6974
Person,Arran,WROTE LETTER TO,Person,Duchess of Hamilton,"1690, Jun",,GD406/1/6975
Person,Countess of Arran,WROTE LETTER TO,Person,Arran,c 1688,,GD406/1/6988
Person,Countess of Arran,WROTE LETTER TO,Person,Arran,c 1688,,GD406/1/6989
Person,Countess of Arran,WROTE LETTER TO,Person,Arran,c 1688,,GD406/1/6990
Person,Countess of Arran,WROTE LETTER TO,Person,Arran,c 1688,,GD406/1/6991
Person,Hamilton,WROTE LETTER TO,Person,Duchess of Hamilton,"1689, Aug 25",,GD406/1/6993
Person,Countess of Arran,WROTE LETTER TO,Person,Arran,c 1688,,GD406/1/7005
Person,Countess of Sunderland,WROTE LETTER TO,Person,Arran,"1691, Feb 4",,GD406/1/7028
Person,Duchess of Hamilton,WROTE LETTER TO,Person,Arran,"1689, Jul 10",,GD406/1/7139
Person,Countess of Arran,WROTE LETTER TO,Person,Arran,c 1688,,GD406/1/7311
Person,Hamilton,WROTE LETTER TO,Person,Arran,"1688, Feb 16",,GD406/1/7553
Person,Hamilton,WROTE LETTER TO,Person,Arran,"1688, Feb 25",,GD406/1/7554
Person,Hamilton,WROTE LETTER TO,Person,Arran,"1688, Mar 1",,GD406/1/7555
Person,Hamilton,WROTE LETTER TO,Person,Arran,"1688, Mar 13",,GD406/1/7556
Person,Hamilton,WROTE LETTER TO,Person,Arran,"1688, Mar 17",,GD406/1/7557
Person,Duchess of Hamilton,WROTE LETTER TO,Person,Arran,"1688, Mar 17",,GD406/1/7558
Person,Hamilton,WROTE LETTER TO,Person,Arran,"1688, Mar 22",,GD406/1/7592
Person,Hamilton,WROTE LETTER TO,Person,Arran,"1688, May 8",,GD406/1/7593
Person,Hamilton,WROTE LETTER TO,Person,Arran,"1689, May 8",,GD406/1/7594
Person,Hamilton,WROTE LETTER TO,Person,Arran,"1688, May 14",,GD406/1/7595
Person,Hamilton,WROTE LETTER TO,Person,Arran,"1688, May 21",,GD406/1/7596
Person,Hamilton,WROTE LETTER TO,Person,Arran,"1688, May 26",,GD406/1/7597
Person,Hamilton,WROTE LETTER TO,Person,Arran,"1688, Jun 5",,GD406/1/7599
Person,Hamilton,WROTE LETTER TO,Person,Arran,"1688, Aug 16",,GD406/1/7600
Person,Sunderland,WROTE LETTER TO,Person,Arran,"1690, Jun 29",,GD406/1/7602
Person,Arran,WROTE LETTER TO,Person,Mr. Robert Murray of Tippermuir,"1691, Nov 12",,GD406/1/7613
Person,Arran,WROTE LETTER TO,Person,Lady Elizabeth Clancarty,c 1692,,GD406/1/7615
Person,Arran,WROTE LETTER TO,Person,Mr. Robert Murray of Tippermuir,c 1691,,GD406/1/7616
Person,Countess of Sunderland,WROTE LETTER TO,Person,Arran,"1690, Jun 29",,GD406/1/7633
Person,Countess of Sunderland,WROTE LETTER TO,Person,Arran,"1690, Mar 20",,GD406/1/7635
Person,Countess of Sunderland,WROTE LETTER TO,Person,Arran,c 1690,,GD406/1/7636
Person,Atholl,WROTE LETTER TO,Person,Unknown,"1690, May 26",,GD406/1/7637
Person,Sunderland,WROTE LETTER TO,Person,Arran,"1690, Jan 21",,GD406/1/7639
Person,Sunderland,WROTE LETTER TO,Person,Arran,"1689, Nov 4",,GD406/1/7640
Person,Sunderland,WROTE LETTER TO,Person,Arran,"1690, Feb 14",,GD406/1/7641
Person,George Hamilton,WROTE LETTER TO,Person,Arran,"1692, Feb 11",,GD406/1/7658
Person,George Hamilton,WROTE LETTER TO,Person,Arran,"1692, Mar 15",,GD406/1/7659
Person,George Hamilton,WROTE LETTER TO,Person,Arran,"1692, Feb 25",,GD406/1/7660
Person,Selkirk,WROTE LETTER TO,Person,Arran,"1691, Dec 31",,GD406/1/7685
Person,Selkirk,WROTE LETTER TO,Person,Arran,"1691, Nov 24",,GD406/1/7686
Person,Selkirk,WROTE LETTER TO,Person,Arran,"1692, Jan 2",,GD406/1/7687
Person,Selkirk,WROTE LETTER TO,Person,Arran,"1692, Jan 14",,GD406/1/7688
Person,Selkirk,WROTE LETTER TO,Person,Arran,"1692, Jan 16",,GD406/1/7689
Person,Selkirk,WROTE LETTER TO,Person,Arran,"1692, Jan 19",,GD406/1/7690
Person,Selkirk,WROTE LETTER TO,Person,Arran,"1692, Feb 11",,GD406/1/7691
Person,Archibald Hamilton,WROTE LETTER TO,Person,Arran,"1691, Oct 30",,GD406/1/7692
Person,Archibald Hamilton,WROTE LETTER TO,Person,Arran,"1691, Oct 13",,GD406/1/7693
Person,Tullibardine,WROTE LETTER TO,Person,Arran,c 1690,,GD406/1/7696
Person,Arran,WROTE LETTER TO,Person,Clare,c 1691,,GD406/1/7716
Person,Arran,WROTE LETTER TO,Person,Unknown,c 1691,,GD406/1/7718
Person,Arran,WROTE LETTER TO,Person,Robert Murray,c 1691,,GD406/1/7719
Person,Selkirk,WROTE LETTER TO,Person,Arran,"1692, Feb 27",,GD406/1/7742
Person,Arran,WROTE LETTER TO,Person,Hamilton,"1688, Feb 14",,GD406/1/7746
Person,Hamilton,Order,Person,George Clerk,"1691, Sep 29",,GD406/1/7758
Person,Arran,WROTE LETTER TO,Person,Hamilton,c 1691,,GD406/1/7765
Person,Hamilton,WROTE LETTER TO,Person,Duchess of Hamilton,"1688, Jan 5",,GD406/1/7806
Person,Hamilton,WROTE LETTER TO,Person,Duchess of Hamilton,"1688, Jan 7",,GD406/1/7807
Person,Hamilton,WROTE LETTER TO,Person,Duchess of Hamilton,"1688, Jan 12",,GD406/1/7808
Person,Hamilton,WROTE LETTER TO,Person,Duchess of Hamilton,"1688, Jan 17",,GD406/1/7809
Person,Hamilton,WROTE LETTER TO,Person,Duchess of Hamilton,"1688, Jan 21",,GD406/1/7810
Person,Hamilton,WROTE LETTER TO,Person,Duchess of Hamilton,"1688, Jan 31",,GD406/1/7811
Person,Hamilton,WROTE LETTER TO,Person,Duchess of Hamilton,"1688, Feb 5",,GD406/1/7812
Person,Hamilton,WROTE LETTER TO,Person,Unknown,"1689, Jun 11",,GD406/1/7813
Person,Hamilton,WROTE LETTER TO,Person,Duchess of Hamilton,"1689, Nov 7",,GD406/1/7814
Person,Selkirk,WROTE LETTER TO,Person,Arran,"1692, Mar 1",,GD406/1/7827
Person,Duchess of Hamilton,WROTE LETTER TO,Person,Arran,"1688, Jan",,GD406/1/7832
Person,Archibald Hamilton,WROTE LETTER TO,Person,Duchess of Hamilton,"1689, Feb",,GD406/1/7941
Person,Marlborough,WROTE LETTER TO,Person,Arran,c 1688,,GD406/1/8185
Person,Argyll,WROTE LETTER TO,Person,Arran,c 1690,,GD406/1/8258
Person,W. Livingston,WROTE LETTER TO,Person,Hamilton,"1689, Sep 3",,GD406/1/8366
Person,Arran,WROTE LETTER TO,Person,Duchess of Hamilton,"1688, Jan 10",,GD406/1/8378
Person,Countess of Cassillis,WROTE LETTER TO,Person,Duchess of Hamilton,"1690, May 17",,GD406/1/8384
Person,King William,WROTE LETTER TO,Organization,Privy Council,c 1689,,GD406/1/8443
Person,Hamilton,WROTE LETTER TO,Person,Duchess of Hamilton,"1689, Nov 23",,GD406/1/8454
Person,Arran,WROTE LETTER TO,Person,Duchess of Hamilton,"1691-1693, Dec 14",,GD406/1/8465
Person,Countess of Cassillis,WROTE LETTER TO,Person,Duchess of Hamilton,"1689, Jul 1",,GD406/1/8578
Person,Hamilton,WROTE LETTER TO,Person,Duchess of Hamilton,"1688, Jan 6",,GD406/1/8799
Person,Countess of Sunderland,WROTE LETTER TO,Person,Duchess of Hamilton,"1688, Jan 12",,GD406/1/8803
Person,Duchess of Hamilton,WROTE LETTER TO,Person,Countess of Arran,"1688, Jan 24",,GD406/1/8804
Person,Unknown,WROTE LETTER TO,Person,Lady Gerard,c 1688,,GD406/1/8828
Person,Gilbert Burnet,WROTE LETTER TO,Person,Hamilton,c 1691,,GD406/1/8862
Group,"George Lockhart, Carnwarth",WROTE LETTER TO,Person,Hamilton,"1688, Jun 28",,GD406/1/8916
Thing,Newsletter,Communicated,Person,Hamilton,"1690, May 12",,GD406/1/8941
Thing,Newsletter,Communicated,Person,Hamilton,"1690, May 15",,GD406/1/8967
Person,Madam de Schomberg,WROTE LETTER TO,Person,Arran,n.d.,,GD406/1/8987
Person,Schomberg,WROTE LETTER TO,Person,Arran,n.d.,,GD406/1/8989
Person,Barrellon,WROTE LETTER TO,Person,Arran,"1688, Nov 24",,GD406/1/8990
Person,Melfort,WROTE LETTER TO,Person,Balcarres,"1689, Mar 30",,GD406/1/9138
Person,Melfort,WROTE LETTER TO,Person,Dundee,"1689, Mar 29",,GD406/1/9139
Person,John Summerville,WROTE LETTER TO,Person,Hamilton,"1688, Jul 21",,GD406/1/9155
Person,John Summerville,WROTE LETTER TO,Person,Perth,"1688, Jul 12",,GD406/1/9156
Person,John Summerville,WROTE LETTER TO,Person,Hamilton,"1688, Jun 28",,GD406/1/9157
Person,John Summerville,WROTE LETTER TO,Person,Hamilton,"1688, Jun 30",,GD406/1/9158
Person,John Summerville,WROTE LETTER TO,Person,Perth,"1688, Jun 29",,GD406/1/9159
Person,Perth,WROTE LETTER TO,Person,Hamilton,"1688, Jun 19",,GD406/1/9233
Person,Thomas Rokeby,WROTE LETTER TO,Person,Duchess of Hamilton,"1688, Jan 21",,GD406/1/9374
Person,Duchess of Hamilton,WROTE LETTER TO,Person,Thomas Rokeby,"1688, May 23",,GD406/1/9376
Person,Bishop of Glasgow,WROTE LETTER TO,Person,Hamilton,c 1688,,GD406/1/9438
Person,Thomas Livingston,WROTE LETTER TO,Person,Lieutenant Colonel Hamilton,"1692, Jan 23",,GD406/1/9679
Person,John Dalrymple,WROTE LETTER TO,Person,Lieutenant Colonel Hamilton,"1691, Dec 1-1692, Jan 30",9,GD406/1/9680
Person,Countess of Dundonald,WROTE LETTER TO,Person,Hamilton,"1691, Sep 26",,GD406/1/9689
Group,Lord Ross; William Cochran of Kilmarnock,WROTE LETTER TO,Person,Hamilton,"1691, Oct 9",,GD406/1/9690
Person,A Hamilton,WROTE LETTER TO,Person,Arran,c 1690,,GD406/1/9691
Person,John Hamilton,WROTE LETTER TO,Person,John Baylie,"1688, Jul 24",,GD406/1/9757
Person,William Bruce,WROTE LETTER TO,Person,Hamilton,"1692, Mar 10",,GD406/1/9760
Person,John Baillie,WROTE LETTER TO,Person,William Cleland,"1688, Jun 29",,GD406/1/9766
Person,David Crawford,WROTE LETTER TO,Person,Hamilton,"1692, Aug 9",,GD406/1/10040
Person,Thomas Morton,WROTE LETTER TO,Person,Arran,"1691, Aug 22",,GD406/1/10042
Person,Sinkelton Richmond,WROTE LETTER TO,Person,Unknown,"1692, Mar 18",,GD406/1/10047
Person,John Chetwynd,WROTE LETTER TO,Person,Lady Gerard,"1692, Mar 28",,GD406/1/10142
Person,Robert Lloyd,WROTE LETTER TO,Person,Madam Harcourt,"1691, Mar 13",,GD406/1/10227
Person,J. Deverell,WROTE LETTER TO,Person,Mr. Pulford,"1689, Oct 26",,GD406/1/10259
Person,J. B.,WROTE LETTER TO,Person,Madam Harcourt,"1690, Oct 21",,GD406/1/10268
Person,J. V.,WROTE LETTER TO,Person,Lady Gerard,"1690, Dec 8",,GD406/1/10306
Person,J. B.,WROTE LETTER TO,Person,Madam Harcourt,"1691, Feb 11",,GD406/1/10307
Person,E. Foden,WROTE LETTER TO,Person,Mr. Emery,"1690, Nov 13",,GD406/1/10312
Person,Arran,WROTE LETTER TO,Person,Mr. George Skirving,"1689, Jun 15",,GD406/1/10369
Person,Unknown,WROTE LETTER TO,Person,Arran,"1689, Jun 15",,GD406/1/10371
Person,King James,WROTE LETTER TO,Person,Hamilton,"1688, Feb 11",,GD406/1/10606
Person,Hamilton,WROTE LETTER TO,Person,KIing James,"1688, Feb 25",,GD406/1/10607
Person,Hamilton,WROTE LETTER TO,Person,King William,"1689, Mar 23",,GD406/1/10608
Person,King William,WROTE LETTER TO,Person,Hamilton,"1689, Apr 2",,GD406/1/10609
Person,Hamilton,WROTE LETTER TO,Person,King William,"1689, Apr 17",,GD406/1/10610
Person,King William,WROTE LETTER TO,Person,Hamilton,"1689, Apr 25",,GD406/1/10611
Person,King William,WROTE LETTER TO,Person,Hamilton,"1689, May 17",,GD406/1/10612
Person,Hamilton,WROTE LETTER TO,Person,King William,"1689, May 25",,GD406/1/10613
Person,King William,WROTE LETTER TO,Person,Hamilton,"1689, May 31",,GD406/1/10614
Person,Hamilton,WROTE LETTER TO,Person,King William,"1689, Jun 6",,GD406/1/10615
Person,Hamilton,WROTE LETTER TO,Person,King William,"1689, Jun 22",,GD406/1/10616
Person,King William,WROTE LETTER TO,Person,Hamilton,"1689, Jul 4",,GD406/1/10617
Person,King William,WROTE LETTER TO,Person,Hamilton,"1689, Jul 17",,GD406/1/10618
Person,King William,WROTE LETTER TO,Person,Hamilton,"1689, Jul 27",,GD406/1/10619
Person,King William,WROTE LETTER TO,Person,Hamilton,"1690, Jan 21",,GD406/1/10620
Person,Hamilton,WROTE LETTER TO,Person,King William,"1690, Feb 20",,GD406/1/10621
Person,Queen Mary,WROTE LETTER TO,Person,Hamilton,"1691, Jul 22",,GD406/1/10622
Person,Hamilton,WROTE LETTER TO,Person,Queen Mary,"1691, Jul 29",,GD406/1/10623
Person,David Scrimseour,WROTE LETTER TO,Person,Robert Rodman,"1691, Jul 29",,GD406/1/10634
Person,Robert Rodman,WROTE LETTER TO,Person,Unknown,"1691, Jul 31",,GD406/1/10635
Person,Patrick Mein,WROTE LETTER TO,Person,Hamilton,"1690, Mar 7",,GD406/1/10636
Person,Patrick Mein,Memorandum,Person,Hamilton,"1690, Feb 8",,GD406/1/10637
Person,Marquis Tweeddale,WROTE LETTER TO,Person,Hamilton,"1692, Sep 21",,GD406/1/10638
Person,James Hamilton,WROTE LETTER TO,Person,Hamilton,"1688, Oct 18",,GD406/1/10639
Person,Perth,WROTE LETTER TO,Person,Unknown,"1688, Oct",,GD406/1/10640
Person,Crawford,WROTE LETTER TO,Person,Hamilton,"1691, Sep 25",,GD406/1/10641/1
Person,John Lochore,WROTE LETTER TO,Person,Mr. Baillie,c 1688,,GD406/1/10640
Person,Lord Stair,WROTE LETTER TO,Person,Hamilton,"1692, Jan 6",,GD406/1/10647
Person,Rupert Billingsley,WROTE LETTER TO,Person,Hamilton,"1691, Aug 31",,GD406/1/10648
Person,Melville,WROTE LETTER TO,Organization,Privy Council,"1691, Jun 26",,GD406/1/10651
Person,John [Kirk],WROTE LETTER TO,Person,Hamilton,"1692, Nov 19",,GD406/1/10660
Person,Arthur Naismith,WROTE LETTER TO,Person,John Small,"1692, Jun 29",,GD406/1/10685
Person,Duchess of Hamilton,WROTE LETTER TO,Person,Arran,"1688, Jan 18",,GD406/1/10688
Person,Hamilton,WROTE LETTER TO,Person,Arran,n.d.,,GD406/1/10698
Person,Hamilton,WROTE LETTER TO,Person,Arran,n.d.,,GD406/1/10703
Person,Hamilton,WROTE LETTER TO,Person,Arran,n.d.,,GD406/1/10705
Person,James Foulis,WROTE LETTER TO,Person,Hamilton,1690. Dec 30,,GD406/1/10707
Person,James Foulis,WROTE LETTER TO,Person,Hamilton,"1691, Jan 17",,GD406/1/10708
Person,Unknown,WROTE LETTER TO,Person,Unknown,"1690, May 27",,GD406/1/10715
Person,Marie Arskin,WROTE LETTER TO,Person,Arran,"1691, Nov 5",,GD406/1/10716
Person,William Hamilton,WROTE LETTER TO,Person,Arran,"1691, Nov 3",,GD406/1/10717
Person,William Hamilton,WROTE LETTER TO,Person,Arran,"1691, Jun 13",,GD406/1/10733
Person,James Coull,WROTE LETTER TO,Person,Unknown,"1692, Dec 9",,GD406/1/10746
Person,George Skirving,WROTE LETTER TO,Person,Arran,"1691, Oct 19",,GD406/1/10759
Person,A. Crawford,WROTE LETTER TO,Person,James Nisbit,"1689, Dec 20",,GD406/1/10771/1
Person,William Hamilton,WROTE LETTER TO,Person,Arran,"1689, Oct 23",,GD406/1/10772
Person,Sunderland,WROTE LETTER TO,Person,Hamilton,"1689, Sep 10",,GD406/1/10838
Person,Portland,WROTE LETTER TO,Person,Hamilton,"1692, Feb",,GD406/1/10882
Person,Hamilton,WROTE LETTER TO,Person,Portland,"1692, Mar 3",,GD406/1/10883
Person,Hamilton,WROTE LETTER TO,Person,Portland,"1692, May 14",,GD406/1/10911
Person,Portland,WROTE LETTER TO,Person,Hamilton,"1691, Jun",,GD406/1/10931
Person,Hamilton,WROTE LETTER TO,Person,Portland,"1692, Nov 10",,GD406/1/10932
Person,Portland,WROTE LETTER TO,Person,Hamilton,c 1692,,GD406/1/10933
Organization,Synod of Aberdeen,WROTE LETTER TO,Person,Hamilton,c 1689,,GD406/1/10953/1
Person,Selkirk,WROTE LETTER TO,Person,Hamilton,"1691, Dec 12",,GD406/1/11028
Person,Selkirk,WROTE LETTER TO,Person,Hamilton,"1691, Dec 15",,GD406/1/11029
Person,Selkirk,WROTE LETTER TO,Person,Hamilton,"1691, Dec 17",,GD406/1/11030
Person,Selkirk,WROTE LETTER TO,Person,Hamilton,"1691, Dec 17",,GD406/1/11031
Person,Selkirk,WROTE LETTER TO,Person,Hamilton,"1691, Dec 22",,GD406/1/11032
Person,Selkirk,WROTE LETTER TO,Person,Hamilton,"1691, Dec 24",,GD406/1/11033
Person,Selkirk,WROTE LETTER TO,Person,Hamilton,"1691, Dec 26",,GD406/1/11034
Person,Selkirk,WROTE LETTER TO,Person,Hamilton,"1691, Dec 31",,GD406/1/11035
Person,Selkirk,WROTE LETTER TO,Person,Hamilton,"1692, Jan 2",,GD406/1/11036
Person,Selkirk,WROTE LETTER TO,Person,Hamilton,"1692, Jan 5",,GD406/1/11037
Person,Selkirk,WROTE LETTER TO,Person,Hamilton,"1692, Jan 7",,GD406/1/11038
Person,Selkirk,WROTE LETTER TO,Person,Hamilton,"1692, Jan 9",,GD406/1/11039
Person,Selkirk,WROTE LETTER TO,Person,Hamilton,"1692, Jan 12",,GD406/1/11040
Person,Selkirk,WROTE LETTER TO,Person,Hamilton,"1692, Jan 14",,GD406/1/11041
Person,Selkirk,WROTE LETTER TO,Person,Hamilton,"1692, Jan 16",,GD406/1/11042
Person,Selkirk,WROTE LETTER TO,Person,Hamilton,"1692, Jan 19",,GD406/1/11043
Person,Selkirk,WROTE LETTER TO,Person,Hamilton,"1692, Jan 21",,GD406/1/11044
Person,Selkirk,WROTE LETTER TO,Person,Hamilton,"1692, Jan 23",,GD406/1/11045
Person,Selkirk,WROTE LETTER TO,Person,Hamilton,"1692, Feb 11",,GD406/1/11046
Person,Selkirk,WROTE LETTER TO,Person,Hamilton,"1692, Feb 19",,GD406/1/11047
Person,Selkirk,WROTE LETTER TO,Person,Hamilton,"1692, Feb 25",,GD406/1/11048
Person,Selkirk,WROTE LETTER TO,Person,Hamilton,"1692, Feb 27",,GD406/1/11049
Person,Selkirk,WROTE LETTER TO,Person,Hamilton,"1692, Mar 28",,GD406/1/11050
Person,Selkirk,WROTE LETTER TO,Person,Hamilton,"1692, Apr 7",,GD406/1/11051
Person,Selkirk,WROTE LETTER TO,Person,Hamilton,"1692, Apr 10",,GD406/1/11052
Person,Selkirk,WROTE LETTER TO,Person,Hamilton,"1692, May 7",,GD406/1/11053
Person,Selkirk,WROTE LETTER TO,Person,Hamilton,"1692, May 16",,GD406/1/11054
Person,Selkirk,WROTE LETTER TO,Person,Hamilton,"1692, May 19",,GD406/1/11055
Person,J. Smith,WROTE LETTER TO,Person,Hamilton,"1691, Feb 18",,GD406/1/11101
Person,Mary Caren,WROTE LETTER TO,Person,Lady Gerard,"1690, Jun 6",,GD406/1/11110
Person,R. Jevon,WROTE LETTER TO,Person,Lady Gerard,"1691, Mar 24",,GD406/1/11111
Person,Jane Barker,WROTE LETTER TO,Person,Elizabeth Barker,"1690, Jun 1",,GD406/1/11112
Person,Anthony Hungerford,WROTE LETTER TO,Person,Lady Gerard,"1691, Jun 17",,GD406/1/11113
Person,Lady Gerard,WROTE LETTER TO,Person,Mr. Milton,"1688, Jan 27",,GD406/1/11117
Person,J.B.,WROTE LETTER TO,Person,Madam Harcourt,"1690, Aug 2",,GD406/1/11125A
Person,J.B.,WROTE LETTER TO,Person,Madam Harcourt,"1689, Jul 20",,GD406/1/11126
Person,J.B.,WROTE LETTER TO,Person,Madam Harcourt,"1689, Jul 30",,GD406/1/11127
Person,Charles Roberts,WROTE LETTER TO,Person,Lady Gerard,"1689, Feb 14",,GD406/1/11128A
Person,M. St Leger,WROTE LETTER TO,Person,Edward Hungerford,c 1688,,GD406/1/11129
Person,H. Peyre,WROTE LETTER TO,Person,Lady Gerard,"1688, Oct 14",,GD406/1/11129A
Person,J.B.,WROTE LETTER TO,Person,Madam Harcourt,"1691, Apr 11",,GD406/1/11132
Person,P. Muirhead,WROTE LETTER TO,Person,David Crawford,"1691, Sep 14",,GD406/1/11137
Person,Ann Ferrers,WROTE LETTER TO,Person,Madam Harcourt,"1690, Jul 29",,GD406/1/11139B
Person,S. Maxwell,WROTE LETTER TO,Person,Hamilton,"1691, Aug 11",,GD406/1/11146A
Person,Anne Ferrers,WROTE LETTER TO,Person,Lady Gerard,"1690, Jul 24",,GD406/1/11155A
Person,Unknown,WROTE LETTER TO,Person,Lady Gerard,"1690, Oct 15",,GD406/1/11160A
Person,John Underwood,WROTE LETTER TO,Person,Lady Gerard,"1690, Oct 28",,GD406/1/11169A
Person,Unknown,WROTE LETTER TO,Person,Madam Harcourt,"1691, Sep 26",,GD406/1/11171
Person,Lady Gerard,WROTE LETTER TO,Person,Unknown,"1691, Sep 16",,GD406/1/11172
Person,H. Peyre,WROTE LETTER TO,Person,Lady Gerard,"1690, Oct 14",,GD406/1/11176A
Person,Unknown,WROTE LETTER TO,Person,Madam Harcourt,"1690, Feb 15",,GD406/1/11181A
Person,W. Chetwynd,WROTE LETTER TO,Person,Lady Gerard,"1690, Oct 30",,GD406/1/11192A
Person,R. Bristol,WROTE LETTER TO,Person,Lady Gerard,"1691, Apr 6",,GD406/1/11194
Person,Unknown,WROTE LETTER TO,Person,Madam Harcourt,"1691, Apr 18",,GD406/1/11198A
Person,G. Muirhead,WROTE LETTER TO,Person,John Robertson,"1688, Sep 27",,GD406/1/11199
Person,Archibald Rae,WROTE LETTER TO,Person,John Robertson,"1688, Sep 25",,GD406/1/11200
Person,John Atchinson,WROTE LETTER TO,Person,John Robertson,"1688, Sep 1",,GD406/1/11201
Person,John Hamilton,WROTE LETTER TO,Person,John Robertson,"1688, Sep 26",,GD406/1/11202
Person,J. Young ,WROTE LETTER TO,Person,John Robertson,"1688, Sep 25",,GD406/1/11203
Person,Andrew Brown,WROTE LETTER TO,Person,Laird of Spittell,"1688, Jul 10",,GD406/1/11204
Person,William Stewart,WROTE LETTER TO,Person,Laird of Spittell,"1688, Oct 4",,GD406/1/11205
Person,E. Lake,WROTE LETTER TO,Person,Lady Gerard,"1688, May 1",,GD406/1/11205A
Person,Edward Hungerford,WROTE LETTER TO,Person,Lady Gerard,"1688, May 22",,GD406/1/11206A
Person,W. Chetwynd,WROTE LETTER TO,Person,Madam Harcourt,"1690, Mar 16",,GD406/1/11210
Person,Unknown,WROTE LETTER TO,Person,Madam Harcourt,"1689, Nov 19",,GD406/1/11212
Person,Viscount Bolingbroke,WROTE LETTER TO,Person,Lady Gerard,"1690, Jun 14",,GD406/1/11214
Person,E. Foden,WROTE LETTER TO,Person,Lady Gerard,"1692, Jan 25",,GD406/1/11215
Person,Robert Lloyd,WROTE LETTER TO,Person,Madam Harcourt,"1691, Jun 28",,GD406/1/11311
Person,Unknown,WROTE LETTER TO,Person,Lady Gerard,c 1689,,GD406/1/11313
Person,Unknown,WROTE LETTER TO,Person,Lady Gerard,"1690, Feb 15",,GD406/1/11314
Person,F. K. ,Report,Person,Hamilton,"1689, Sep 21",,GD406/1/11315
Person,F. K. ,WROTE LETTER TO,Person,Lady Gerard,c 1689,,GD406/1/11316
Person,F. K. ,WROTE LETTER TO,Person,Lady Gerard,"1689, October 5",,GD406/1/11317
Person,Unknown,WROTE LETTER TO,Person,Lady Gerard,c 1689,,GD406/1/11318
Person,Unknown,WROTE LETTER TO,Person,Madam Harcourt,c 1689,,GD406/1/11319
Person,Unknown,WROTE LETTER TO,Person,Madam Harcourt,"1689, June 8",,GD406/1/11320
Person,F. Saunders,WROTE LETTER TO,Person,Lady Gerard,"1689, September 17",,GD406/1/11321
Person,E. Foden,WROTE LETTER TO,Person,Mr. Ward,"1690, January 6",,GD406/1/11322
Person,Edward Hungerford,WROTE LETTER TO,Person,Mr. Bellott,"1689, December 10",,GD406/1/11323
Person,Unknown,WROTE LETTER TO,Person,Madam Harcourt,c 1689,,GD406/1/11324
Person,Abigail White,WROTE LETTER TO,Person,Lady Gerard,"1691, May 18",,GD406/1/11325
Person,John Underwood,WROTE LETTER TO,Person,Mr. Ward,"1689, May 8",,GD406/1/11326
Person,Thomas Husband,WROTE LETTER TO,Person,Mr. Ward,"1689, June 6",,GD406/1/11327
Person,Charles Roberts,WROTE LETTER TO,Person,Mr. Billott,"1690, March 20",,GD406/1/11328
Person,W. Chetwynd,WROTE LETTER TO,Person,Lady Gerard,c 1689,,GD406/1/11329
Person,Miss Gilbert,WROTE LETTER TO,Person,Lady Gerard,"1689, June 28",,GD406/1/11330
Person,John V,WROTE LETTER TO,Person,Lady Gerard,c 1689,,GD406/1/11331
Person,A. Brackin,WROTE LETTER TO,Person,Madam Harcourt,"1690, April 29",,GD406/1/11332
Person,Anne Ferrers,WROTE LETTER TO,Person,Madam Harcourt,"1690, February 1",,GD406/1/11333
Person,M. St Leger,WROTE LETTER TO,Person,Lady Gerard,"1691, May 7",,GD406/1/11334
Person,Edward Hungerford,WROTE LETTER TO,Person,"Edward Hungerford, younger","1690, January 30",,GD406/1/11335
Person,Mary Caren,WROTE LETTER TO,Person,Lady Gerard,"1688, February 15",,GD406/1/11336
Person,Joseph Plymley,WROTE LETTER TO,Person,Lady Gerard,"1690, April 7",,GD406/1/11337
Person,Anne Ferrers,WROTE LETTER TO,Person,Madam Harcourt,"1690, January 21",,GD406/1/11338
Person,M. St Leger,WROTE LETTER TO,Person,Lady Gerard,1689,,GD406/1/11339
Person,R. Jevon,WROTE LETTER TO,Person,Lady Gerard,"1691, May 19",,GD406/1/11340
Person,M. St Leger,WROTE LETTER TO,Person,Lady Gerard,c 1690,,GD406/1/11341
Person,Unknown,WROTE LETTER TO,Person,Madam Harcourt,c 1690,,GD406/1/11342
Person,John Underwood,WROTE LETTER TO,Person,Lady Gerard,"1690, May 1",,GD406/1/11343
Person,Edward Pulford,WROTE LETTER TO,Person,Edward Hungerford,"1690, February 21",,GD406/1/11344
Person,Edward Hungerford,WROTE LETTER TO,Person,Mr. Bellott,"1690, February 27",,GD406/1/11345
Person,J. V.,WROTE LETTER TO,Person,Lady Gerard,"1690, March 19",,GD406/1/11346
Person,R. Jevon,WROTE LETTER TO,Person,Lady Gerard,1690,,GD406/1/11347
Person,Unknown,WROTE LETTER TO,Person,Madam Harcourt,"1691, February 28",,GD406/1/11348
Person,Fran Phillips,WROTE LETTER TO,Person,Madam Harcourt,"1690, May 22",,GD406/1/11349
Person,Edmund Hector,WROTE LETTER TO,Person,Lady Gerard,"1690, May 7",,GD406/1/11350
Person,R. Jevon,WROTE LETTER TO,Person,Lady Gerard,"1691, March 12",,GD406/1/11353
Person,Edmund Sawtell,WROTE LETTER TO,Person,Lady Gerard,"1691, April 16",,GD406/1/11354
Person,Edmund Sawtell,WROTE LETTER TO,Person,Madam Harcourt,"1691, May 26",,GD406/1/11355
Person,Unknown,WROTE LETTER TO,Person,Madam Harcourt,"1691, May 30",,GD406/1/11356
Person,Edmund Sawtell,WROTE LETTER TO,Person,Madam Harcourt,"1691, May 14",,GD406/1/11360
Person,Edward Hungerford,WROTE LETTER TO,Person,John Underwood,"1691, May 14",,GD406/1/11361
Person,M. St Leger,WROTE LETTER TO,Person,Madam Harcourt,"1691, January 30",,GD406/1/11362
Person,Unknown,WROTE LETTER TO,Person,Madam Harcourt,"1691, June 13",,GD406/1/11363
Person,Unknown,WROTE LETTER TO,Person,Madam Harcourt,"1691, May 22",,GD406/1/11364
Person,Unknown,WROTE LETTER TO,Person,Madam Harcourt,c 1691,,GD406/1/11365
Person,Jonathan Norman,WROTE LETTER TO,Person,Mr. Robert Kinearre,"1689, February 18",,GD406/1/11366
Person,Unknown,WROTE LETTER TO,Person,Madam Harcourt,c 1691,,GD406/1/11367
Person,Unknown,WROTE LETTER TO,Person,Madam Harcourt,c 1691,,GD406/1/11368
Person,John Locke,WROTE LETTER TO,Person,Mrs. Lockhart,"1691, September 15",,GD406/1/11371
Person,David Masham,WROTE LETTER TO,Person,Mrs. Lockhart,"1690, August 18",,GD406/1/11379
Person,Alexander Hamilton,WROTE LETTER TO,Person,Arthur Naismith,"1688, April 13",,GD406/1/11408
Person,A. B.,WROTE LETTER TO,Person,Lady Gerard,"1688, April 10",,GD406/1/11581
Person,Unknown,WROTE LETTER TO,Person,Madam Harcourt,"1690, November 13",,GD406/1/11583
Person,Tweeddale,WROTE LETTER TO,Person,Hamilton,"1692, April 4",,GD406/1/11590
Person,Anthony Mayne,WROTE LETTER TO,Person,Lady Gerard,"1691, January 17",,GD406/1/11705
Person,Lady Gerard,WROTE LETTER TO,Person,Mr. Seargent Birch,"1691, May 9",,GD406/1/11706
Person,Unknown,WROTE LETTER TO,Person,Lady Gerard,"1691, May 9",,GD406/1/11707
Person,Ann Ferrers,WROTE LETTER TO,Person,Lady Gerard,"1690, May 8",,GD406/1/11711
Person,John Underwood,WROTE LETTER TO,Person,Lady Gerard,"1691, May 9",,GD406/1/11712
Person,Robert Lloyd,WROTE LETTER TO,Person,Madam Harcourt,"1690, Jan 10",,GD406/1/11714
Person,Joseph Plymley,WROTE LETTER TO,Person,Lady Gerard,"1690, Jun 30",,GD406/1/11715
Person,Abigail White,WROTE LETTER TO,Person,Lady Gerard,"1690, May 22",,GD406/1/11716
Person,Mary Caren,WROTE LETTER TO,Person,Lady Gerard,"1690, Apr 30",,GD406/1/11718
Person,John Underwood,WROTE LETTER TO,Person,Lady Gerard,"1690, May 24",,GD406/1/11722
Person,Robert Lloyd,WROTE LETTER TO,Person,Lady Gerard,"1690, May 18",,GD406/1/11742
Person,J. Nisbet,WROTE LETTER TO,Person,John Clark,"1690, Sep 27",,GD406/1/11745
Person,William Crawford,WROTE LETTER TO,Person,John Clark,"1690, Aug 1",,GD406/1/11746
Person,Charles Hamilton,WROTE LETTER TO,Person,John Hamilton,"1690, Dec 31",,GD406/1/11748
Person,Charles Hamilton,WROTE LETTER TO,Person,John Hamilton,"1690, Nov 24",,GD406/1/11750
Person,Patrick Bellenden,WROTE LETTER TO,Person,James Nisbit,"1691, Dec 30",,GD406/1/11752
Person,Archibald Hamilton,WROTE LETTER TO,Person,John Clark,"1690, Feb 22",,GD406/1/11760
Person,John Baillie,WROTE LETTER TO,Person,John Clark,"1690, Jul 8",,GD406/1/11761
Person,Archibald Hamilton,WROTE LETTER TO,Person,John Clark,"1690, Feb 12",,GD406/1/11762
Person,John Clark,WROTE LETTER TO,Person,"John Clark, younger","1690, Jan 11",,GD406/1/11763
Person,W. Hamilton,WROTE LETTER TO,Person,John Clark,"1689, Dec 23",,GD406/1/11764
Person,William Hamilton,WROTE LETTER TO,Person,John Clark,"1689, Dec 21",,GD406/1/11765
Person,James,WROTE LETTER TO,Person,John Clark,"1690, Feb 3",,GD406/1/11767
Person,David Marshall,WROTE LETTER TO,Person,John Clark,"1691, Mar 23",,GD406/1/11770
Person,William Scott,WROTE LETTER TO,Person,John Clark,"1690, Jun 16",,GD406/1/11771
Person,John Clark,WROTE LETTER TO,Person,"John Clark, younger","1689, Nov 9",,GD406/1/11783
Person,John Clark,WROTE LETTER TO,Person,"John Clark, younger","1689, Dec 23",,GD406/1/11784
Person,John Clark,WROTE LETTER TO,Person,"John Clark, younger","1690, Feb 17",,GD406/1/11785
Person,"John Clark, younger",WROTE LETTER TO,Person,John Clark,"1692, Jun 29",,GD406/1/11786
Person,Polwarth,WROTE LETTER TO,Person,Hamilton,"1692, Sep 21",,GD406/1/11792
Person,Archibald Hamilton,WROTE LETTER TO,Person,Duchess of Hamilton,"1688, Nov 22",,GD406/1/11795
Person,Countess of Sunderland,WROTE LETTER TO,Person,Duchess of Hamilton,"1688, Feb 3",,GD406/1/11797
Person,James Colthart,WROTE LETTER TO,Person,Patrick Cockburn,"1691, May 27",,GD406/1/11828
Person,King William,WROTE LETTER TO,Organization,Convention of Estates,c 1689,,GD406/1/11842
Person,King James,WROTE LETTER TO,Person,Atholl,"1689, Mar 29",,GD406/1/11843
Person,King James,WROTE LETTER TO,Person,Balcarres,"1689, Mar 29",,GD406/1/11844
Person,King James,WROTE LETTER TO,Person,Dundee,"1689, Mar 29",,GD406/1/11845
Organization,Convention of Estates,WROTE LETTER TO,Person,King William,"1689, Apr 22",,GD406/1/11846
Person,King William,WROTE LETTER TO,Group,Noblemen and Gentlemen of Scotland,"1689, Jan 14",,GD406/1/11847
Person,Tweeddale,WROTE LETTER TO,Organization,Commissioners of Supply Lanarkshire,"1692, Apr 30",,GD406/1/11851
Organization,Commissioners of Supply Lanarkshire,WROTE LETTER TO,Person,Tweeddale,"1692, May 2",,GD406/1/11852
Person,George Skirving,WROTE LETTER TO,Person,John Clark,c 1690,,GD406/1/11858
Person,Robert Naismith,WROTE LETTER TO,Person,Unknown,"1690, Jan 3",,GD406/1/11859
Person,Arthur Naismith,WROTE LETTER TO,Person,Baillie Clerk,"1689, Jul 10",,GD406/1/11860
Person,John Hamilton,WROTE LETTER TO,Person,John Clark,"1690, Jan 27",,GD406/1/11861
Person,John Craig,WROTE LETTER TO,Person,His wife,"1689, Jul 9",,GD406/1/11862
Person,Andrew Schaw,WROTE LETTER TO,Person,John Clark,"1690, Mar 25",,GD406/1/11863
Person,John Hamilton,WROTE LETTER TO,Person,John Clark,"1690, Jan 14",,GD406/1/11864
Person,J. Nisbet,WROTE LETTER TO,Person,John Clark,"1690, Oct 24",,GD406/1/11865
Person,John Craig,WROTE LETTER TO,Person,John Clark,"1689, Sep 9",,GD406/1/11866
Person,George Skirving,WROTE LETTER TO,Person,John Clark,"1690, May 17",,GD406/1/11867
Person,George Skirving,WROTE LETTER TO,Person,John Clark,"1691, Jul 2",,GD406/1/11868
Person,John Naismith,WROTE LETTER TO,Person,John Clark,"1690, Feb 24",,GD406/1/11869
Person,Alexander Smith,WROTE LETTER TO,Person,Mrs. Tylor,"1690, May 27",,GD406/1/11959
Person,Robert Lloyd,WROTE LETTER TO,Person,Lady Gerard,"1690, May 23",,GD406/1/11988
Person,George Mackenzie,WROTE LETTER TO,Person,Sheriff Depute Lanark,"1688, Sep 19",,GD406/1/11989/1
Person,W.B.,WROTE LETTER TO,Person,Mr. Ward,"1691, May 7",,GD406/1/11990
Person,John Craig,WROTE LETTER TO,Person,Unknown,"1688, Oct 29",,GD406/1/11992
