ID,SENDER,RECEIVER,FROM,LAT_LON_1 1,LAT_LON_1 2,TO,LAT_LON_2 1,LAT_LON_2 2,KEYWORDS 1,KEYWORDS 2,KEYWORDS 3,KEYWORDS 4,KEYWORDS 5,KEYWORDS 6,DATE,TYPE
1,King William,Lord Melville,Hampton Court,51.403332,-0.3375,London,51.50673486,-0.120836463,war,castles,invasion,religion,,,3/7/1689,Instructions
2,King William,Convention,Hampton Court,51.403332,-0.3375,London,51.50673486,-0.120836463,war,Scotland,Presbyterian,safety,,,3/7/1689,Instructions
3,Sir James Dalrymple of Stair,Lord Melville,London,51.50673486,-0.120836463,London,51.50673486,-0.120836463,money,Ireland,invasion,Convention,Scotland,,3/23/1689,Letter
4,Sir James Dalrymple of Stair,Lord Melville,London,51.50673486,-0.120836463,London,51.50673486,-0.120836463,Ireland,invasion,Scotland,Derry,Church,,3/27/1689,Letter
5,Sir James Dalrymple of Stair,Lord Melville,London,51.50673486,-0.120836463,London,51.50673486,-0.120836463,danger,settlement,Scotland,Ross,,,3/30/1689,Letter
6,Earl of Portland,Lord Melville,Hampton Court,51.403332,-0.3375,London,51.50673486,-0.120836463,church,Scotland,hazard,coast,,,4/1/1689,Letter copy
7,Sir James Dalrymple of Stair,Lord Melville,Ham,51.36421,-1.52739,London,51.50673486,-0.120836463,Scotland,Ireland,Derry,church,,,4/5/1689,Letter
8,Sir James Dalrymple of Stair,Lord Melville,Ham,51.36421,-1.52739,London,51.50673486,-0.120836463,Irish,Scots,MacKay,invasion,churchmen,,4/9/1689,Letter
9,Sir James Dalrymple of Stair,Lord Melville,London,51.50673486,-0.120836463,London,51.50673486,-0.120836463,coronation,Scotland,Ireland,invasion,allegiance,,4/11/1689,Letter
10,Duke of Queensberry,King William,Edinburgh,55.948889,-3.190556,Hampton Court,51.403332,-0.3375,Convention,Protestant,Crown,security,,,4/13/1689,Letter
11,Marquis of Atholl,King William,Edinburgh,55.948889,-3.190556,Hampton Court,51.403332,-0.3375,Protestant,religion,petition of right,justice,,,4/13/1689,Letter
12,Viscount Dundee,Lord Murray (uncertain),Keeth,57.53633,-2.94811,-,,,Major Graham,,,,,,4/21/1689,Letter
13,Sir James Dalrymple of Stair,Lord Melville,Hampton Court,51.403332,-0.3375,London,51.50673486,-0.120836463,Portland,Mackay,royal proclamation,,,,4/21/1689,Letter
14,King William,Lord Melville,Hampton Court,51.403332,-0.3375,London,51.50673486,-0.120836463,Scotland,Convention,Highlanders,Mackay,Ireland,,4/25/1689,Royal Exoneration
15,Earl of Portland,General Mackay (Uncertain),Whitehall,51.504444,-0.125556,-,,,Scotland,Argyll,Londonderry,Ireland,,,Unknown (between April 25-30),Letter
16,Duke of Hamilton,King William,Edinburgh,,,Hampton Court,51.403332,-0.3375,Estates,Parliament,peace,,,,4/30/1689,Letter
17,Lord Melville,Duke of Hamilton,London,51.50673486,-0.120836463,Holyrood House,55.952499,-3.1725,secretary,Portsmouth,Convention,Scotland,informer,,5/15/1689,Letter
18,Earl of Mar,Lord Melville,Alloa,56.11586,-3.78997,London,51.50673486,-0.120836463,service,interest,Portland,Kin,Court,,5/18/1689,Letter
19,Duke of Hamilton,Lord Melville,Holyrood House,55.952499,-3.1725,London,51.50673486,-0.120836463,Perth,Ireland,Scotland,Dundee,Mackay,,5/20/1689,Letter
20,Duke of Hamilton,Lord Melville,Holyrood House,55.952499,-3.1725,London,51.50673486,-0.120836463,Privy Council,Great Seal,Parliament,,,,5/21/1689,Letter
21,Marquis of Atholl,Lord Melville,Edinburgh,55.948889,-3.190556,London,51.50673486,-0.120836463,distracted kingdom,solicit,friendship,,,,5/21/1689,Letter
22,Earl of Crawford,Lord Melville,Edinburgh,55.948889,-3.190556,London,51.50673486,-0.120836463,public interest,friendship,honor,,,,5/23/1689,Opinion
23,Sir James Stewart,Lord Melville,Edinburgh,55.948889,-3.190556,London,51.50673486,-0.120836463,Presbyterians,King's interest,Tarbat,Ireland,,,5/24/1689,Letter
24,Sir James Stewart,Lord Melville,Edinburgh,55.948889,-3.190556,London,51.50673486,-0.120836463,God,King,mistakes,friendship,,,5/24/1689,Letter
25,Duke of Hamilton,King William,Holyrood House,55.952499,-3.1725,Hampton Court,51.403332,-0.3375,Privy Council,Estates,Parliament,divisions,,,5/25/1689,Letter
26,Duke of Hamilton,Lord Melville,Holyrood House,55.952499,-3.1725,London,51.50673486,-0.120836463,Dundee,Mackay,regiments,mistakes,,,5/25/1689,Letter
27,Lord Melville,Duke of Hamilton,London,51.50673486,-0.120836463,Holyrood House,55.952499,-3.1725,Estates ajourned,King's service,,,,,5/27/1689,Letter
28,Sir Patrick Hume of Polwarth,Lord Melville,Edinburgh,55.948889,-3.190556,London,51.50673486,-0.120836463,country,debate,strife,Dukes,,,5/27/1689,Letter
29,Earl of Crawford,Lord Melville,Edinburgh,55.948889,-3.190556,London,51.50673486,-0.120836463,public interest,God,friendship,,,,5/28/1689,Letter
30,Duke Hamilton,Lord Melville,Edinburgh,55.948889,-3.190556,London,51.50673486,-0.120836463,magazines,powder,arms,,,,5/30/1689,Letter
31,Sir George Mackenzie,Lord Melville,Knaresborough,54.0091 -1.46851,,London,51.50673486,-0.120836463,Parliament,bigotry,Tarbat,Scotland,King,,5/31/1689,Letter
32,Lord Melville,Earl of Crawford,London,51.50673486,-0.120836463,Edinburgh,55.948889,-3.190556,honor,interest,nation,,,,5/31/1689,Letter
33,Duke of Hamilton,Lord Melville,Holyrood House,55.952499,-3.1725,London,51.50673486,-0.120836463,securing the nation,Tarbat,Mackay,,,,6/1/1689,Letter
34,Sir Patrick Hume of Polwarth,Lord Melville,Edinburgh,55.948889,-3.190556,London,51.50673486,-0.120836463,friendship,reputation,honesty,God,,,6/1/1689,Letter
35,Viscount Tarbat,Lord Melville,Tarbat House,57.7354,-4.0677,London,51.50673486,-0.120836463,enemies,ecclesiastics,Scotland,Highlanders,,,6/1/1689,Letter
36,Viscount Tarbat,Lord Melville,Tarbat House,57.7354,-4.0677,London,51.50673486,-0.120836463,Mackay,Highlanders,Scotland,security,invasion,rebellion,6/1/1689,Letter
37,Duke of Hamilton,Lord Melville,Holyrood House,55.952499,-3.1725,London,51.50673486,-0.120836463,nominations,council,commissioners,Dundee,Mackay,,6/4/1689,Letter
38,Earl of Crawford,Lord Melville,Edinburgh,55.948889,-3.190556,London,51.50673486,-0.120836463,weakness,grateful,appointment,,,,6/4/1689,Letter
39,John Hay of Park,Lord Melville,-,,,London,51.50673486,-0.120836463,Tarbat,military affairs,oppressions,,,,6/4/1689,Letter
40,Sir Patrick Hume of Polwarth,Lord Melville,Edinburgh,55.948889,-3.190556,London,51.50673486,-0.120836463,Lockhart,favor,friendship,security,,,6/6/1689,Letter
41,Duke of Hamilton,Lord Melville,Holyrood House,55.952499,-3.1725,London,51.50673486,-0.120836463,Great Seall,Estates,Parliament,,,,6/6/1689,Letter
42,The Lady Auchinbreck,Lord Melville,Edinburgh,55.948889,-3.190556,London,51.50673486,-0.120836463,husband,condition,mercy,Argyll,,,6/6/1689,Letter
43,Sir Patrick Hume of Polwarth,Lord Melville,Edinburgh,55.948889,-3.190556,London,51.50673486,-0.120836463,estates,Scotland,Claim of Right,,,,6/7/1689,Letter
44,Lord Melville,Duke of Hamilton,London,51.50673486,-0.120836463,Holyrood House,55.952499,-3.1725,Schomberg,Mackay,war,King,service,,6/8/1689,Letter
45,Duke of Hamilton,Lord Melville,Holyrood House,55.952499,-3.1725,London,51.50673486,-0.120836463,Mackay,Ireland,intelligence,French fleet,Dundee,,6/8/1689,Letter
46,Marquis of Atholl,Lord Melville,Edinburgh,55.948889,-3.190556,London,51.50673486,-0.120836463,health,service,Scotland,,,,6/8/1689,Letter
47,Earl of Crawford,Lord Melville,Edinburgh,55.948889,-3.190556,London,51.50673486,-0.120836463,safety,Parliament,issues,,,,6/11/1689,Letter
48,Lord James Murray,Lord Dundee,Edinburgh,55.948889,-3.190556,London,51.50673486,-0.120836463,Dundee,brother,prison,,,,6/11/1689,Letter
49,Mr. David Nairn,Earl of Leven,Edinburgh,55.948889,-3.190556,Edinburgh,55.948889,-3.190556,officiating,King,favor,,,,6/11/1689,Letter
50,Lord Melville,Sir Patrick Hume of Polwarth,London,51.50673486,-0.120836463,Edinburgh,55.948889,-3.190556,friendship,truth,public,trust,,,6/13/1689,Letter
51,Lord Melville,Colonel Balfour,London,51.50673486,-0.120836463,Edinburgh,55.948889,-3.190556,Edinburgh Castle,Mackay,intelligence,,,,6/13/1689,Letter
52,Duke of Hamilton,Lord Melville,Holyrood House,55.952499,-3.1725,London,51.50673486,-0.120836463,Mackay,Edinburgh Castle,Gordon,parliament,,,6/14/1689,Letter
53,Lord Melville,Marquis of Atholl,London,51.50673486,-0.120836463,Edinburgh,55.948889,-3.190556,Hamilton,King William,service,,,,6/14/1689,Letter
54,Duke of Hamilton,Lord Melville,Holyrood House,55.952499,-3.1725,London,51.50673486,-0.120836463,Parliament,allegiance,service,Great Seal,navy,portmaster,6/18/1689,Letter
55,Lord Eglinton,Lord Melville,Edinburgh,55.948889,-3.190556,London,51.50673486,-0.120836463,honor,regiments,station,,,,6/18/1689,Letter
56,Sir William Lockhart,Lord Melville,Edinburgh,55.948889,-3.190556,London,51.50673486,-0.120836463,Parliament,Articles,debate,Lord Stair,,,6/18/1689,Letter
57,Sir John Dalrymple,Lord Melville,Edinburgh,55.948889,-3.190556,London,51.50673486,-0.120836463,Articles,Club,King,prerogative,,,6/18/1689,Letter
58,Lord Melville,Duke of Hamilton,London,51.50673486,-0.120836463,Holyrood House,55.952499,-3.1725,Mackay,Ireland,France,,,,6/18/1689,Letter
59,Mr. David Nairn,Earl of Leven,Edinburgh,55.948889,-3.190556,Edinburgh Castle,55.948612,-3.200833,castle,parliament,judges,,,,6/18/1689,Letter
60,Sir John Dalrymple,Lord Melville,Edinburgh,55.948889,-3.190556,London,51.50673486,-0.120836463,articles,allegiance,attendance,Club,,,6/20/1689,Letter
61,Lord Belhaven,Lord Melville,Edinburgh,55.948889,-3.190556,London,51.50673486,-0.120836463,North,Holland,Protestant religion,,,,6/20/1689,Letter
62,Sir William Lockhart,Lord Melville,Edinburgh,55.948889,-3.190556,London,51.50673486,-0.120836463,Great Seall,King,prerogative,Skelmorlie,,,6/20/1689,Letter
63,Andrew Kennedy of Cloburne,William Denham,Edinburgh,55.948889,-3.190556,London,51.50673486,-0.120836463,Articles,officers,state,King,prerogative,,6/22/1689,Letter
64,Duke of Hamilton,Lord Melville,Holyrood House,55.952499,-3.1725,London,51.50673486,-0.120836463,Kirke,Rooke,Londonderry,service,,,6/23/1689,Letter
65,Lady Polwarth,Lord Melville,London,51.50673486,-0.120836463,London,51.50673486,-0.120836463,service,interest,Lady Hilton,,,,6/24/1689,Letter
66,Lady Polwarth,Lord Melville,London,51.50673486,-0.120836463,London,51.50673486,-0.120836463,Lady Hilton,children,beggars,,,,6/24/1689,Letter
67,John Hay of Park,Lord Melville,Dundee,56.462002,-2.9707,London,51.50673486,-0.120836463,trouble,enemies,honor,,,,6/24/1689,Letter
68,Duke of Hamilton,Lord Melville,Holyrood House,55.952499,-3.1725,London,51.50673486,-0.120836463,warfare,affairs,parliament,,,,6/25/1689,Letter
69,Marquis of Lothian,Lord Melville,Edinburgh,55.948889,-3.190556,London,51.50673486,-0.120836463,King,service,present,danger,,,6/25/1689,Letter
70,Earl of Crawford,Lord Melville,Edinburgh,55.948889,-3.190556,London,51.50673486,-0.120836463,Hamilton,displeasure,parliament,commissions,,,6/25/1689,Letter
71,Sir John Dalrymple,Lord Melville,Edinburgh,55.948889,-3.190556,London,51.50673486,-0.120836463,articles,Scotland,Club,Hamilton,Presbyterians,,6/25/1689,Letter
72,"John Anderson of Dowhill, Robert Spruell",Lord Melville,Edinburgh,55.948889,-3.190556,London,51.50673486,-0.120836463,Glasgow,public,safety,elections,,,6/25/1689,Letter
73,Earl of Argyll,Lord Melville,Edinburgh,55.948889,-3.190556,London,51.50673486,-0.120836463,brother,revolution,cause,,,,6/26/1689,Letter
74,Sir John Dalrymple,Lord Melville,Edinburgh,55.948889,-3.190556,London,51.50673486,-0.120836463,grievances,church,government,Secretary,war,,6/26/1689,Letter
75,Duke of Hamilton,Lord Melville,Holyrood House,55.952499,-3.1725,London,51.50673486,-0.120836463,articles,parliament,church affairs,,,,6/27/1689,Letter
75,Marquis of Atholl,Lord Melville,Bath,51.380001,-2.36,London,51.50673486,-0.120836463,service,false stories,Protestant religion,,,,6/27/1689,Letter
76,Earl of Crawford,Lord Melville,Edinburgh,55.948889,-3.190556,London,51.50673486,-0.120836463,animosity,parliament,presbytery,Presbyterian,crown,,6/27/1689,Letter
77,The Earl of Balcarres,Lord Melville,Fife,56.249999,-3.1999992,London,51.50673486,-0.120836463,imprisonment,Dundee,liberty,prison,,,6/27/1689,Letter
78,Lord Ross,Lord Melville,Edinburgh,55.948889,-3.190556,London,51.50673486,-0.120836463,crown,Dalrymple,committees,parliament,,,6/27/1689,Letter
79,Lord Ross,Lord Melville,Edinburgh,55.948889,-3.190556,London,51.50673486,-0.120836463,articles,Dalrymple,King James,,,,6/27/1689,Letter
80,Sir Patrick Hume of Polwarth,Lord Melville,Edinburgh,55.948889,-3.190556,London,51.50673486,-0.120836463,Tarbat,offices,state,Lord Stair,positions,,6/27/1689,Letter
81,Sir John Dalrymple,Lord Melville,Edinburgh,55.948889,-3.190556,London,51.50673486,-0.120836463,church,government,revolution,settlement,,,6/28/1689,Letter
82,Sir Patrick Hume of Polwarth,Lord Melville,Edinburgh,55.948889,-3.190556,London,51.50673486,-0.120836463,proposals,Culloden,affairs,,,,6/29/1689,Letter
83,Earl of Crawford,Lord Melville,Edinburgh,55.948889,-3.190556,London,51.50673486,-0.120836463,Perth,popery,allegiance,,,,6/29/1689,Letter
84,Earl of Crawford,Lord Melville,Edinburgh,55.948889,-3.190556,London,51.50673486,-0.120836463,church government,King,reformers,,,,6/29/1689,Letter
85,Sir Patrick Hume of Polwarth,Lord Melville,Edinburgh,55.948889,-3.190556,London,51.50673486,-0.120836463,parliament,Dalrymple,loyalty,,,,6/29/1689,Letter
86,Sir George Mackenzie,Lord Melville,Knaresborough Wells,54.0091,-1.46851,London,51.50673486,-0.120836463,articles,loyalty,protection,,,,6/29/1689,Letter
87,Sir John Baird of Newbyth,Lord Melville,Edinburgh,55.948889,-3.190556,London,51.50673486,-0.120836463,greivances,circumstances,character,,,,6/29/1689,Letter
88,Viscount of Tarbat,Lord Melville,Tarbat House,57.7354,-4.0677,London,51.50673486,-0.120836463,church,government,Presbyterians,,,,"June-July, 1689",Letter
88,Viscount of Tarbat,Lord Melville,Tarbat House,57.7354,-4.0677,London,51.50673486,-0.120836463,clerks,hornings,clerk,,,,June-July 1689,Letter
88,Viscount of Tarbat,Lord Melville,Tarbat House,57.7354,-4.0677,London,51.50673486,-0.120836463,testimony,service,reputation,,,,June-July 1689,Letter
88,Viscount of Tarbat,Lord Melville,Tarbat House,57.7354,-4.0677,London,51.50673486,-0.120836463,King,Hamilton,club,,,,June-July 1689,Letter
88,Viscount of Tarbat,Lord Melville,Tarbat House,57.7354,-4.0677,London,51.50673486,-0.120836463,incapacity,K. James,threat,castles,Scotland,,June- July 1689,Letter
88,Viscount of Tarbat,Lord Melville,Tarbat House,57.7354,-4.0677,London,51.50673486,-0.120836463,presbytery,clergy,dangerous,Park,,,"June-July, 1689",Letter
88,Viscount of Tarbat,Lord Melville,Tarbat House,57.7354,-4.0677,London,51.50673486,-0.120836463,articles,bishops,parliament,chancellor,,,June-July 1689,Letter
88,Viscount of Tarbat,Lord Melville,Tarbat House,57.7354,-4.0677,London,51.50673486,-0.120836463,Scotland,money,coins,customs,trade,,June-July 1689,Letter
89,Tarbat's memorial in relation to the Church,,Tarbat House,57.7354,-4.0677,-,,,parliament,ministers,presbyterian,general assembly,,,6/1/1689,Memorial
90,Lord Melville,Earl Crawford,London,51.50673486,-0.120836463,Edinburgh,55.948889,-3.190556,friendship,service,King,,,,6/1/1689,Letter
91,Sir George Mackenzie,Lord Melville,Knaresborough Wells,54.0091,-1.46851,London,51.50673486,-0.120836463,circumstances,diapleasure,corresondence,,,,6/1/1689,Letter
92,Sir George Mackenzie,Mr. James Melville,Knaresborough Wells,54.0091,-1.46851,"Suffolks Street, London",,,forfeitures,King,authority,,,,6/1/1689,Letter
93,Mr. Gilbert Eliot,Lord Melville,Edinburgh,55.948889,-3.190556,London,51.50673486,-0.120836463,council,Dundee,allegiance,,,,6/1/1689,Letter
94,Memorial to Lord Melville,,Edinburgh,55.948889,-3.190556,London,51.50673486,-0.120836463,debts,guards,revenue,,,,6/1/1689,Memorial
95,Duke of Hamilton,Lord Melville,Holyrood House,55.952499,-3.1725,London,51.50673486,-0.120836463,articles,church,Dundee,Mackay,Inverlochie,,7/2/1689,Letter
96,Lord Melville,Duke of Hamilton,London,51.50673486,-0.120836463,Holyrood House,55.952499,-3.1725,prisoners,Edinburgh castle,Dundee,Irish,Mackay,,7/2/1689,Letter
97,Earl of Crawford,Lord Melville,Edinburgh,55.948889,-3.190556,London,51.50673486,-0.120836463,church,government,presbytery,patronage,,,7/2/1689,Letter
98,Sir Patrick Hume of Polwarth,Lord Melville,Edinburgh,55.948889,-3.190556,London,51.50673486,-0.120836463,parliament,public,trust,,,,7/2/1689,Letter
99,Sir John Dalrymple,Lord Melville,Edinburgh,55.948889,-3.190556,London,51.50673486,-0.120836463,parliament,council,presbytery,church,government,,7/2/1689,Letter
100,Earl of Englintoun,Lord Melville,Edinburgh,55.948889,-3.190556,London,51.50673486,-0.120836463,regiments,Dundee,Leven,highlands,,,7/4/1689,Letter
101,Earl of Crawford,Lord Melville,Edinburgh,55.948889,-3.190556,London,51.50673486,-0.120836463,parliament,church,government,Aberdeen,K. James,,7/4/1689,Letter
102,Margaret Countess of Balcarres,Lord Melville,Edinburgh,55.948889,-3.190556,London,51.50673486,-0.120836463,Dundee,Blair,Council,imprisonment,Edinburgh Castle,,7/4/1689,Letter
103,Duke of Hamilton,Lord Melville,Holyrood House,55.952499,-3.1725,London,51.50673486,-0.120836463,Londonderry,Kirk,Edinburgh Castle,Balcarres,K. James,Dundee,7/4/1689,Letter
104,Duke of Hamilton,Lord Melville,Holyrood House,55.952499,-3.1725,London,51.50673486,-0.120836463,parliament,articles,Glasgow,Dundee,Mackay,Inverlochie,7/6/1689,Letter
105,Earl of Crawford,Lord Melville,Edinburgh,55.948889,-3.190556,London,51.50673486,-0.120836463,church,government,officers,state,presbytery,,7/6/1689,Letter
106,Sir Patrick Hume of Polwarth,Lord Melville,Edinburgh,55.948889,-3.190556,London,51.50673486,-0.120836463,Hamilton,articles,parliament,,,,7/6/1689,Letter
107,Lord Blantyre,Lord Melville,Edinburgh,55.948889,-3.190556,London,51.50673486,-0.120836463,regiment,service,Dalrymple,,,,7/6/1689,Letter
108,Sir John Dalrymple,Lord Melville,Edinburgh,55.948889,-3.190556,London,51.50673486,-0.120836463,church,Club,Ireland,Mackay,highlands,prisoners,7/7/1689,Letter
109,Duke of Hamilton,Lord Melville,Holyrood House,55.952499,-3.1725,London,51.50673486,-0.120836463,articles,church,parliament,Irishmen,prisoners,,7/9/1689,Letter
110,Sir John Dalrymple,Lord Melville,Edinburgh,55.948889,-3.190556,London,51.50673486,-0.120836463,dragoons,Mackay,Dundee,Skelmorlie,parliament,,7/9/1689,Letter
111,Sir William Lockhart,Lord Melville,Edinburgh,55.948889,-3.190556,London,51.50673486,-0.120836463,Ross,Skelmorlie,Stair,Melville,Annandale,,7/9/1689,Letter
112,Sir John Dalrymple,Lord Melville,Edinburgh,55.948889,-3.190556,London,51.50673486,-0.120836463,Argyll,Annandale,parliament,Club,Inverlochie,,7/10/1689,Letter
113,Duke of Hamilton,Lord Melville,Holyrood House,55.952499,-3.1725,London,51.50673486,-0.120836463,church government,parliament,forfeitures,,,,7/11/1689,Letter
114,Earl of Argyll,Lord Melville,Edinburgh,55.948889,-3.190556,London,51.50673486,-0.120836463,Morton,petition,parliament,,,,7/11/1689,Letter
115,Earl of Crawford,Lord Melville,Edinburgh,55.948889,-3.190556,London,51.50673486,-0.120836463,church,parliament,articles,army,obstructions,,7/11/1689,Letter
116,Sir William Lockhart,Lord Melville,Edinburgh,55.948889,-3.190556,London,51.50673486,-0.120836463,parliament,Club,forces,King,Ireland,fleet,7/11/1689,Letter
117,Sir William Lockhart,Lord Melville,Edinburgh,55.948889,-3.190556,London,51.50673486,-0.120836463,Kirkconnell,excise,customs,,,,7/11/1689,Letter
118,Mr. Gilbert Eliot,Lord Melville,Edinburgh,55.948889,-3.190556,London,51.50673486,-0.120836463,prisoners,council,Tarras,Leven,,,7/11/1689,Letter
119,Sir James Steuart,William Denham of Westshield,Edinburgh,55.948889,-3.190556,London,51.50673486,-0.120836463,committees,church,claim of right,prisoners,plot,,7/11/1689,Letter
120,Sir William Lockhart,Lord Melville,Edinburgh,55.948889,-3.190556,London,51.50673486,-0.120836463,church,parliament,Club,forces,regiments,,7/12/1689,Letter
121,Sir John Dalrymple,Lord Melville,Edinburgh,55.948889,-3.190556,London,51.50673486,-0.120836463,church,government,coronation oath,Portland,Club,,7/12/1689,Letter
122,Sir James Steuart,William Denham of Westshield,Edinburgh,55.948889,-3.190556,London,51.50673486,-0.120836463,church,claim of right,forfeitures,Scotland,Kintyre,Irish,7/13/1689,Letter
123,Duke of Hamilton,Lord Melville,Holyrood House,55.952499,-3.1725,London,51.50673486,-0.120836463,French fleet,coast,Mackay,Ireland,Dalrymple,,7/13/1689,Letter
124,Sir Thomas Stewart of Coltness,Lord Melville,Edinburgh,55.948889,-3.190556,London,51.50673486,-0.120836463,parliament,Holland,Mint,,,,7/14/1689,Letter
125,Earl of Crawford,Lord Melville,Edinburgh,55.948889,-3.190556,London,51.50673486,-0.120836463,Lady Drum,parliament,church,government,council,,7/16/1689,Letter
126,Lord Murray,Sir William Anstruther,Falkland,56.249999 -3.1999992,,Anstruther,56.22315 -2.70229,,devastation,property,highlands,Atholl,,,7/17/1689,Letter
127,Duke of Hamilton,Lord Melville,Holyrood House,55.952499,-3.1725,London,51.50673486,-0.120836463,church,Dundee,Mackay,Stirling Castle,war,,7/18/1689,Letter
128,Earl of Crawford,Lord Melville,Edinburgh,55.948889,-3.190556,London,51.50673486,-0.120836463,parliament,church,rebellion,Mackay,militia,,7/18/1689,Letter
129,Lord Melville,Duke of Hamilton,London,51.50673486,-0.120836463,Holyrood House,55.952499,-3.1725,Selkirk,Schomberg,Ireland,,,,7/19/1689,Letter
130,Captain Johnston and Officers,Lord Melville,Newgate Prison,51.50941296,-0.101151262,London,51.50673486,-0.120836463,sickness,concern,imprisonment,,,,7/19/1689,Letter
131,Lord Cardross,Lord Melville,Edinburgh,55.948889,-3.190556,London,51.50673486,-0.120836463,church,Mackay,K. James,Ireland,landings,,7/20/1689,Letter
132,Sir John Dalrymple,Lord Melville,Edinburgh,55.948889,-3.190556,London,51.50673486,-0.120836463,church,Mackay,Club,invasion,Ireland,conspiracy,7/20/1689,Letter
133,Sir William Lockhart,Lord Melville,Edinburgh,55.948889,-3.190556,London,51.50673486,-0.120836463,Club,council,religion,Skelmorlie,parliament,Mackay,7/22/1689,Letter
134,Countess of Mar,Queen Mary,Stirling,56.1166,-3.9369,Hampton Court,51.403332,-0.3375,Scotland,Stirling Castle,,,,,7/22/1689,Letter
135,Duke of Hamilton,Lord Melville,Holyrood House,55.952499,-3.1725,London,51.50673486,-0.120836463,parliament,Rooke,Dundee,prisoners,,,7/23/1689,Letter
136,Earl of Crawford,Lord Melville,Edinburgh,55.948889,-3.190556,London,51.50673486,-0.120836463,parliament,presbytery,church,Dundee,postmaster,,7/23/1689,Letter
137,Sir James Montgomery,Lord Melville,Edinburgh,55.948889,-3.190556,London,51.50673486,-0.120836463,vote,Signet,parliament,Dalrymple,friendship,,7/23/1689,Letter
138,Sir John Dalrymple,Lord Melville,Edinburgh,55.948889,-3.190556,London,51.50673486,-0.120836463,articles,K. James,Dundee,Irish landings,Mackay,Bass,7/24/1689,Letter
139,Duke of Hamilton,Lord Melville,Holyrood House,55.952499,-3.1725,London,51.50673486,-0.120836463,highlands,Inverlochie,church,Rooke,French fleet,Mull,7/25/1689,Letter
140,Sir John Dalrymple,Lord Melville,Edinburgh,55.948889,-3.190556,London,51.50673486,-0.120836463,Club,parliament,dragoons,mackay,Provinciall,Blair,7/25/1689,Letter
141,Sir John Dalrymple,Lord Melville,Edinburgh,55.948889,-3.190556,London,51.50673486,-0.120836463,parliament,Mackay,Hamilton,Belhaven,,,7/25/1689,Letter
142,John Hay of Park,Lord Melville,Edinburgh,55.948889,-3.190556,London,51.50673486,-0.120836463,Church,Advocate,parliament,,,,7/26/1689,Letter
143,Earl of Crawford,Lord Melville,Edinburgh,55.948889,-3.190556,London,51.50673486,-0.120836463,Hamilton,Buchan,Stirling Castle,Perth,France,Ireland,7/27/1689,Letter
144,Sir William Lockhart,Lord Melville,Dundas,55.97182945,-3.408831698,London,51.50673486,-0.120836463,Club,Mackay,articles,,,,7/27/1689,Letter
145,Duke of Hamilton,Lord Melville,Holyrood House,55.952499,-3.1725,London,51.50673486,-0.120836463,Mackay,Atholl,Dundee,Killiecrankie,security,Berwick,7/28/1689,Letter
146,Sir William Lockhart,Lord Melville,Edinburgh,55.948889,-3.190556,London,51.50673486,-0.120836463,Killiecrankie,Dundee,,,,,7/28/1689,Letter
147,Sir John Dalrymple,Lord Melville,Edinburgh,55.948889,-3.190556,London,51.50673486,-0.120836463,Killiecrankie,Dundee,Stirling,,,,7/28/1689,Letter
148,Duke of Hamilton,Lord Melville,Holyrood House,55.952499,-3.1725,London,51.50673486,-0.120836463,Killiecrankie,Mackay,highlanders,Stirling,Carlisle,Schomberg,7/29/1689,Letter
149,Sir WIlliam Lockhart,Lord Melville,Edinburgh,55.948889,-3.190556,London,51.50673486,-0.120836463,Killiecrankie,Dutch dragoons,Dundee,Mackay,Leven,,7/29/1689,Letter
150,Sir Patrick Hume of Polwarth,Lord Melville,Edinburgh,55.948889,-3.190556,London,51.50673486,-0.120836463,Killiecrankie,Mackay,loss,,,,7/29/1689,Letter
151,Duke of Hamilton,Lord Melville,Holyrood House,55.952499,-3.1725,London,51.50673486,-0.120836463,Mackay,Dundee,Stirling,Canon,Angus,,7/30/1689,Letter
152,Lord Cardross,Lord Melville,Edinburgh,55.948889,-3.190556,London,51.50673486,-0.120836463,Leven,Mackay,Drummond Castle,Murray,,,7/30/1689,Letter
153,Lord Melville,Earl of Crawford,London,51.50673486,-0.120836463,Edinburgh,55.948889,-3.190556,parliament,church,government,divisions,,,7/30/1689,Letter
154,Lord Melville,Sir James Montgomery,London,51.50673486,-0.120836463,Edinburgh,55.948889,-3.190556,parliament,Dalrymple,evil,politics,,,7/30/1689,Letter
155,John Hay of Park,Lord Melville,Edinburgh,55.948889,-3.190556,London,51.50673486,-0.120836463,Leven,intelligence,Cessnock,,,,7/30/1689,Letter
156,Sir William Lockhart,Lord Melville,Edinburgh,55.948889,-3.190556,London,51.50673486,-0.120836463,Mackay,Stirling,Dundee,Club,Claim of Right,Scrimziemor,7/30/1689,Letter
157,Sir John Dalrymple,Lord Melville,Edinburgh,55.948889,-3.190556,London,51.50673486,-0.120836463,Balfour,Killiecrankie,intelligence,Mackay,Club,articles,7/30/1689,Letter
158,Mr. Gilbert Eliot,Lord Melville,Edinburgh,55.948889,-3.190556,London,51.50673486,-0.120836463,Leven,Signet,parliament,dragoons,Dinwoodie,,7/1/1689,Letter
159,King William,The Council in relation to Ministers,Hampton Court,51.403332,-0.3375,Edinburgh,55.948889,-3.190556,church,government,Parliament,General Assembly,,,7/1/1689,Draft Letter
160,Duke of Hamilton,Lord Melville,Holyrood House,55.952499,-3.1725,London,51.50673486,-0.120836463,Ireland,coast,Highlanders,Mackay,Presbyterian,Test Act,8/1/1689,Letter
161,Earl of Crawford,Lord Melville,Edinburgh,55.948889,-3.190556,London,51.50673486,-0.120836463,Presbyterian,claim of right,church,K. James,King,,8/1/1689,Letter
162,Lord Murray,Lord Melville,Edinburgh,55.948889,-3.190556,London,51.50673486,-0.120836463,Dundee,Blair Castle,K. James,Killiecrankie,Highlanders,,8/1/1689,Letter Packet
162,Viscount Dundee,Lord Murray,Stroan,55.98515,-4.89817,Atholl,56.704,-3.794,K. James,Atholl,Melfort,French fleet,Schomberg,Ireland,7/19/1689,Letter
162,Viscount Dundee,Lord Murray,Stroan,55.98515,-4.89817,Atholl,56.704,-3.794,French fleet,Castle Blair,Dublin,Mackay,,,7/23/1689,Letter
162,Viscount Dundee,Lord Murray,Stroan,55.98515,-4.89817,Atholl,56.704,-3.794,Mackay,Tay,allegiance,,,,7/25/1689,Letter
163,Duke of Hamilton,King William,Holyrood House,55.952499,-3.1725,Hampton Court,51.403332,-0.3375,army,Highlanders,frigates,Ireland,coast,Mackay,8/2/1689,Letter
164,Sir John Dalrymple,Lord Melville,Edinburgh,55.948889,-3.190556,London,51.50673486,-0.120836463,K. James,Highlands,Mackay,Club,church,Skelmorlie,8/2/1689,Letter
165,Duke of Hamilton,Lord Melville,Holyrood House,55.952499,-3.1725,London,51.50673486,-0.120836463,army,pay,Mackay,intelligence,prisoners,,8/2/1689,Letter
166,Officers of Dumbarton's Regiment,Lord Melville,Bury,52.2474,0.7183,London,51.50673486,-0.120836463,treason,war,trial,guilty,petition,mercy,8/2/1689,Letter
167,Duke of Hamilton,Lord Melville,Holyrood House,55.952499,-3.1725,London,51.50673486,-0.120836463,Forfar,Mackay,Council,,,,8/3/1689,Letter
168,Sir William Lockhart,Lord Melville,Edinburgh,55.948889,-3.190556,London,51.50673486,-0.120836463,parliament,Ross,council,membership,,,8/3/1689,Letter
169,Sir Adam Blair,Mr. Graham,Gatehouse,55.948612,-3.200833,"Bothwick's Close, Edinburgh",55.950558,-3.185556,Dundee,Mackay,Killiecrankie,news,,,8/3/1689,Intercepted Letter
170,Sir John Dalrymple,Lord Melville,Edinburgh,55.948889,-3.190556,London,51.50673486,-0.120836463,Mackay,K. James,King,Hamilton,Club,,8/4/1689,Letter
171,Duke of Hamilton,Lord Melville,Holyrood House,55.952499,-3.1725,London,51.50673486,-0.120836463,Ireland,K. James,intelligence,Rooke,coast,dragoons,8/6/1689,Letter
172,Earl of Crawford,Lord Melville,Edinburgh,55.948889,-3.190556,London,51.50673486,-0.120836463,letters,court,providence,church,Scotland,,8/6/1689,Letter
173,John Anderson of Dowhill,Lord Melville,Glasgow,55.860916,-4.251433,London,51.50673486,-0.120836463,magistrate,council,bishopric,cathedral,,,8/6/1689,Letter
174,Sir John Dalrymple,Lord Melville,Edinburgh,55.948889,-3.190556,London,51.50673486,-0.120836463,church,Derry,K. James,highlands,French fleet,Club,8/7/1689,Letter
175,Duke of Hamilton,Lord Melville,Holyrood House,55.952499,-3.1725,London,51.50673486,-0.120836463,Balfour,Mackay,Lowlands,forces,invasion,,8/8/1689,Letter
176,Lord Melville,Duke of Hamilton,London,51.50673486,-0.120836463,Holyrood House,55.952499,-3.1725,Mackay,Dundee,Scotland,frigates,coast,Londonderry,8/8/1689,Letter
177,Lord Melville,Major-General Mackay,London,51.50673486,-0.120836463,-,,,Schomberg,rebels,Dundee,Ireland,Dublin,K. James,8/8/1689,Letter
178,Lord Melville,Lord Cassillis,Westminster,51.49939,-0.127465,Carrick,56.10520791,-4.902288058,King,Court,return,,,,8/8/1689,Letter
179,Sir John Dalrymple,Lord Melville,Edinburgh,55.948889,-3.190556,London,51.50673486,-0.120836463,Club,parliament,Hamilton,Lochaber,Mackay,,8/8/1689,Letter
180,William Cuningham,Lord Cardross,Boquhane,56.059,-4.352,Edinburgh,55.948889,-3.190556,troops,movements,churches,,,,8/9/1689,Letter
181,Earl of Crawford,Lord Melville,Edinburgh,55.948889,-3.190556,London,51.50673486,-0.120836463,Stair,church settlement,presbytery,,,,8/10/1689,Letter
182,Duke of Hamilton,Lord Melville,Holyrood House,55.952499,-3.1725,London,51.50673486,-0.120836463,indemnity,mackay,Dalrymple,Kirk,Derry,prisoners,8/13/1689,Letter
183,Lord Melville,Duke of Hamilton,London,51.50673486,-0.120836463,Holyrood House,55.952499,-3.1725,Ireland,Scotland,Schomberg,Irish,,,8/13/1689,Letter
184,Sir William Lockhart,Lord Melville,Edinburgh,55.948889,-3.190556,London,51.50673486,-0.120836463,Raith,Hamilton,politics,,,,8/13/1689,Letter
185,Sir John Dalrymple,Lord Melville,Edinburgh,55.948889,-3.190556,London,51.50673486,-0.120836463,Hamilton,council,Mackay,Culloden,Skelmorlie,,8/13/1689,Letter
186,Mr. John Law,Mr. Kennedy of Cloburn,Edinburgh,55.948889,-3.190556,Lanark,55.67371,-3.7817,church affairs,prelacy,government,,,,8/13/1689,Letter
187,"Sir John Hall, Convention of Royal Burghs",Lord Melville,Edinburgh,55.948889,-3.190556,London,51.50673486,-0.120836463,grievances,privileges,parliament,,,,8/14/1689,Letter
188,Duke of Hamilton,Lord Melville,Holyrood House,55.952499,-3.1725,London,51.50673486,-0.120836463,English army,Lochfergus,Kirk,Shrewsbury,,,8/15/1689,Letter
189,Duke of Hamilton,Lord Melville,Holyrood House,55.952499,-3.1725,London,51.50673486,-0.120836463,Schomberg,Bangor Bay,Mackay,Privy council,,,8/16/1689,Letter
190,Marquis of Lothian,Lord Melville,Edinburgh,55.948889,-3.190556,London,51.50673486,-0.120836463,Leven,favor,troops,Tweeddale,,,8/16/1689,Letter
191,Sir John Dalrymple,Lord Melville,Edinburgh,55.948889,-3.190556,London,51.50673486,-0.120836463,Schomberg,Bangor,Hamilton,Breadalbane,Highlands,,8/16/1689,Letter
192,Mr. Alexander Pitcairn,Lord Melville,Edinburgh,55.948889,-3.190556,London,51.50673486,-0.120836463,Church,presbytery,Edinburgh,General Assembly,parliament,committee,8/19/1689,Letter
193,Earl of Crawford,Lord Melville,Edinburgh,55.948889,-3.190556,London,51.50673486,-0.120836463,church government,protestant religion,letters,Israel,,,8/20/1689,Letter
194,Marquis of Lothian,Lord Melville,Edinburgh,55.948889,-3.190556,London,51.50673486,-0.120836463,England,son,Drumlanrig,,,,8/20/1689,Letter
195,Sir Patrick Hume of Polwarth,King William,Edinburgh,55.948889,-3.190556,London,51.50673486,-0.120836463,Court,Ruthven,service,council,,,8/20/1689,Letter
196,Sir Patrick Hume of Polwarth,Lord Melville,Edinburgh,55.948889,-3.190556,London,51.50673486,-0.120836463,King,Council,troops,,,,8/20/1689,Letter
197,Lord of Privy Council,Lord Melville,Edinburgh,55.948889,-3.190556,London,51.50673486,-0.120836463,ship,Glasgow,French man-of-war,trade,,,8/22/1689,Letter
198,Sir David Nairne,Earl of Leven,Edinburgh,55.948889,-3.190556,Hampton Court,51.403332,-0.3375,Irish,army,Edinburgh Castle,reputation,,,8/22/1689,Letter
199,Major-General Mackay,Heritors in Atholl,Blair Castle,56.77083025,-3.854663248,Atholl,56.704 -3.794,,Castle Blair,Dunkeld,forces,,,,8/28/1689,Order
200,Sir Archibald Murray of Blackbarony,Lord Melville,Edinburgh,55.948889,-3.190556,London,51.50673486,-0.120836463,station,service,council,,,,8/29/1689,Letter
201,Earl of Crawford,Lord Melville,Edinburgh,55.948889,-3.190556,London,51.50673486,-0.120836463,Court,Church,England,ministers,,,8/29/1689,Letter
202,Earl of Crawford,Lord Melville,Edinburgh,55.948889,-3.190556,London,51.50673486,-0.120836463,Leven,Edinburgh Castle,Treasury,Carrickfergus,Israel,,8/31/1689,Letter
203,Mr. Gilbert Eliot,Lord Melville,Edinburgh,55.948889,-3.190556,London,51.50673486,-0.120836463,council,castle,adjournment,Crawford,,,8/1/1689,Letter
204,Marquis of Douglas,Lord Melville,Edinburgh,55.948889,-3.190556,London,51.50673486,-0.120836463,Ross,Provost,Edinburgh,enemies,,,9/3/1689,Letter
205,Earl of Eglinton,Lord Melville,Edinburgh,55.948889,-3.190556,London,51.50673486,-0.120836463,Mackay,highlands,wife,parliament,,,9/3/1689,Letter
206,Lord Cardross,Lord Melville,Perth,56.396999,-3.437,London,51.50673486,-0.120836463,Mackay,provisions,garrisons,starving,troops,,9/3/1689,Letter
207,Mr. Thomas Dunbar of Grange,Lord Melville,Edinburgh,55.948889,-3.190556,London,51.50673486,-0.120836463,church,parliament,presbytery,service,,,9/4/1689,Letter
208,Lieutenant-Colonel Buchan,Mr. Nairne,Edinburgh Castle,55.948612,-3.200833,Edinburgh,55.948889,-3.190556,Mackay,Portland,soldiers,pay,Slezer,Highlands,9/5/1689,Letter
209,Sir Alexander Swintoun,Lord Melville,Edinburgh,55.948889,-3.190556,London,51.50673486,-0.120836463,regiment,information,payment,,,,9/5/1689,Letter
210,Earl of Crawford,Lord Melville,Edinburgh,55.948889,-3.190556,London,51.50673486,-0.120836463,civil government,contravention,ministers,rebels,,,9/5/1689,Letter
211,Mr. William Livingston of Kilsyth,Lord Melville,Edinburgh,55.948889,-3.190556,London,51.50673486,-0.120836463,mercy,bounty,favor,,,,9/5/1689,Letter
212,Sir Patrick Murray,Lord Melville,Edinburgh,55.948889,-3.190556,London,51.50673486,-0.120836463,trade,wartime,Holland,Council,Treasury,appointments,9/8/1689,Letter
213,Lord Cardross,Lord Melville,Edinburgh,55.948889,-3.190556,London,51.50673486,-0.120836463,prisoners,rebels,Mackay,,,,9/9/1689,Letter
214,Earl of Crawford,Lord Melville,Edinburgh,55.948889,-3.190556,London,51.50673486,-0.120836463,indemnity,Hamilton,christendom,,,,9/10/1689,Letter
215,Earl of Kintore,Lord Melville,Edinburgh,55.948889,-3.190556,London,51.50673486,-0.120836463,Court,black box,service,,,,9/10/1689,Letter
216,Sir Thomas Moncreiffe,Lord Melville,Edinburgh,55.948889,-3.190556,London,51.50673486,-0.120836463,Treasury,customs,foreign excise,Hamilton,,,9/10/1689,Letter
217,Sir Alexander Bruce,Lord Melville,Edinburgh,55.948889,-3.190556,London,51.50673486,-0.120836463,privy council,indemnity,Queensberry,,,,9/10/1689,Letter
218,Lord Cardross,Lord Melville,Edinburgh,55.948889,-3.190556,London,51.50673486,-0.120836463,officers,council,Crawford,dragoons,Mint,parliament,9/10/1689,Letter
219,Lord Livingston,Lord Melville,Edinburgh,55.948889,-3.190556,London,51.50673486,-0.120836463,Sutherland,Lord Duffus,highlands,Crawford,rebels,,9/12/1689,Letter
220,James Murray of Philiphaugh,Lord Melville,Edinburgh,55.948889,-3.190556,London,51.50673486,-0.120836463,Queensbury,Hamilton,mismanagement,Club,,,9/12/1689,Letter
221,James Murray of Philiphaugh,Lord Melville,Edinburgh,55.948889,-3.190556,London,51.50673486,-0.120836463,Queensbury,Hamilton,friendship,Jereswood,,,9/14/1689,Letter
222,Walter Corbets,-,Blair Castle,56.77083025,-3.854663248,Hampton Court,51.403332,-0.3375,provisions,Blair Castle,quartering,,,,9/18/1689,Order
223,Earl of Crawford,Lord Melville,Edinburgh,55.948889,-3.190556,London,51.50673486,-0.120836463,Hamilton,Dalrymple,Melville,church,country,,9/19/1689,Letter
224,Magistrates of Edinburgh,Lord Melville,Edinburgh,55.948889,-3.190556,London,51.50673486,-0.120836463,ministers,stipends,funds,,,,9/19/1689,Letter
225,Colonel Robert Lundie,Lord Melville,Londonderry,55.006763,-7.318268,London,51.50673486,-0.120836463,petition,Londonderry,hazard,Monmouth,Shrewsbury,,9/23/1689,Letter
226,Earl of Crawford,Lord Melville,Edinburgh,55.948889,-3.190556,London,51.50673486,-0.120836463,Leven,Scotland,King,,,,9/1/1689,Letter
227,Sir William Lockhart,Lord Melville,Edinburgh,55.948889,-3.190556,London,51.50673486,-0.120836463,Jacobite,prisoners,Mackay,Portland,Club,Claim of Right,9/1/1689,Letter
228,Earl of Crawford,Lord Melville,Edinburgh,55.948889,-3.190556,London,51.50673486,-0.120836463,ministers,church,enemies,presbyterians,episcopalians,,10/3/1689,Letter
229,Sir John Hall,Lord Melville,Edinburgh,55.948889,-3.190556,London,51.50673486,-0.120836463,Edinburgh,town council,magistrates,,,,10/3/1689,Letter
230,Duke of Schomberg,Earl of Leven,Dundalk,54,-6.41667,London,51.50673486,-0.120836463,army,reinforcements,Dublin,Danish,,,10/6/1689,Letter
231,Earl of Crawford,Lord Melville,Edinburgh,55.948889,-3.190556,London,51.50673486,-0.120836463,presbyterians,church,postmaster,Ireland,letters,,10/8/1689,Letter
232,Sir William Lockhart,Lord Melville,Dundas,55.97182945,-3.408831698,London,51.50673486,-0.120836463,Scotland,Lords of Session,Stair,King,,,10/9/1689,Letter
233,Earl of Crawford,Lord Melville,Edinburgh,55.948889,-3.190556,London,51.50673486,-0.120836463,Protestantism,parliament,K. James,Hamilton,Dundee,ministers,10/12/1689,Letter
234,Earl of Crawford,Lord Melville,Edinburgh,55.948889,-3.190556,London,51.50673486,-0.120836463,Signet,information,King,,,,10/15/1689,Letter
235,Earl of Crawford,[uncertain],Edinburgh,55.948889,-3.190556,-,,,clergy,King,post,,,,10/15/1689,Letter
236,Sir William Anstuther,Lord Melville,London,51.50673486,-0.120836463,London,51.50673486,-0.120836463,Annandale,Scotland,service,,,,10/20/1689,Letter
237,Sir William Anstuther,Lord Annandale,London,51.50673486,-0.120836463,Edinburgh,55.948889,-3.190556,Court,Scotland,French fleet,,,,10/20/1689,Letter
238,Lord Melville,Earl of Crawford,London,51.50673486,-0.120836463,Edinburgh,55.948889,-3.190556,Signet,Lords of Session,Christianity,,,,10/20/1689,Letter
239,Lord Melville,Privy Council,Holland-House,51.503246,-0.203798,Edinburgh,55.948889,-3.190556,College of Justice,commissions,chancellor,,,,10/22/1689,Commissioners for College of Justice
240,Earl of Crawford,Lord Melville,Edinburgh,55.948889,-3.190556,London,51.50673486,-0.120836463,Leven,Episcopal clergy,deprivations,gospel,,,10/24/1689,Letter
241,Earl of Crawford,Lord Melville,Edinburgh,55.948889,-3.190556,London,51.50673486,-0.120836463,religion,service,lords of session,,,,10/29/1689,Letter
242,Duke of Hamilton,King William,Holyrood House,55.952499,-3.1725,Hampton Court,51.403332,-0.3375,church,treasury,garrisons,Mint,admiralty,,10/1/1689,List of Considerations
243,Lord Melville,Presbyterian Ministers,London,51.50673486,-0.120836463,Edinburgh,55.948889,-3.190556,petition,King William,church government,,,,10/1/1689,Letter
244,Sir James Falconar of Phesdo,Lord Melville,Edinburgh,55.948889,-3.190556,London,51.50673486,-0.120836463,gratitude,parliament,favor,,,,11/1/1689,Letter
245,Sir James Dalrymple,Lord Melville,Edinburgh,55.948889,-3.190556,London,51.50673486,-0.120836463,parliament,proceedings,Crawfurd,allegiance,Holland,Ireland,11/2/1689,Letter
246,Lord Cardross,Lord Melville,Edinburgh,55.948889,-3.190556,London,51.50673486,-0.120836463,Lady Maitland,papists,,,,,11/5/1689,Letter
247,Sir William Lockhart,Lord Melville,Edinburgh,55.948889,-3.190556,London,51.50673486,-0.120836463,Scrimizer,Elphinson,Dalrymple,,,,11/5/1689,Letter
248,Earl of Crawford,Lord Melville,Edinburgh,55.948889,-3.190556,London,51.50673486,-0.120836463,episcopal ministers,prelacy,presbyterians,Glasgow,,,11/5/1689,Letter
249,Mr. Gilbert Eliot,Lord Melville,Edinburgh,55.948889,-3.190556,London,51.50673486,-0.120836463,council,information,,,,,11/7/1689,Letter
250,Earl of Crawford,Lord Melville,Edinburgh,55.948889,-3.190556,London,51.50673486,-0.120836463,english forces,K. James,Church of Scotland,popery,presbyterians,Ireland,11/7/1689,Letter
251,Sir William Anstuther,Lord Melville,Edinburgh,55.948889,-3.190556,London,51.50673486,-0.120836463,Advocate,Session,Club,K. James,England,,11/12/1689,Letter
252,Sir William Lockhart,Lord Melville,Edinburgh,55.948889,-3.190556,London,51.50673486,-0.120836463,Advocate,Club,parliament,,,,11/12/1689,Letter
253,Sir Duncan Campbell of Auchenbreck,Lord Melville,Edinburgh,55.948889,-3.190556,London,51.50673486,-0.120836463,concern,favor,King,,,,11/12/1689,Letter
254,Earl of Crawford,Lord Melville,Edinburgh,55.948889,-3.190556,London,51.50673486,-0.120836463,skipper,admiralty,ship,scotsman,,,11/14/1689,Letter
255,Earl of Crawford,Lord Melville,Edinburgh,55.948889,-3.190556,London,51.50673486,-0.120836463,episcopal,prelacy,ministers,bishops,papists,protestants,11/14/1689,Letter
256,Sir Robert Sinclair of Stevenston,Lord Melville,Stevenston,55.6397,-4.75339,London,51.50673486,-0.120836463,service,drudgery,vacant,,,,11/15/1689,Letter
257,Lord Cardross,Lord Melville,Edinburgh,55.948889,-3.190556,London,51.50673486,-0.120836463,Court,ministers,parliament,Kirkudbright,Carstares,,11/19/1689,Letter
258,Lord Melville,Minutes of Presbyterian Ministers,London,51.50673486,-0.120836463,Edinburgh,55.948889,-3.190556,episcopal,privy council,presbyterians,church of scotland,widows,children,11/21/1689,Minutes
259,Earl of Crawford,Lord Melville,Edinburgh,55.948889,-3.190556,London,51.50673486,-0.120836463,bishop of salisbury,ministers,church,Jews,Presbyterians,,11/23/1689,Letter
260,Lord Cardross,Lord Melville,Edinburgh,55.948889,-3.190556,London,51.50673486,-0.120836463,Castle,Balcarres,Gilbert Elliot,Anderson,tollbooth,prisoner,11/28/1689,Letter
261,King James,Laird of McNaughten,Dublin Castle,53.342686,-6.267118,-,,,forces,service,Seaforth,Berwick,religion,rebellion,11/30/1689,Intercepted Letter
262,King James,Colonel Cannon,Dublin Castle,53.342686,-6.267118,-,,,Dundee,enemies,Seaforth,unnatural rebellion,,,11/30/1689,Intercepted Letter
263,Sir William Lockhart,Lord Melville,Edinburgh,55.948889,-3.190556,London,51.50673486,-0.120836463,Stinson,John Lauder,Scotland,Scrimizer,Nairns,Edinburgh,11/1/1689,Letter
264,Lord Melville,Earl of Crawford,London,51.50673486,-0.120836463,Edinburgh,55.948889,-3.190556,Bishoop of Salisbury,Scotland,Holland-House,Captain Kennedy,Postmaster General,,12/1/1689,Letter
265,Earl of Crawford,Lord Melville,Edinburgh,55.948889,-3.190556,London,51.50673486,-0.120836463,David Drummond,prison,Munro's papers,,,,12/3/1689,Letter
266,Lord Melville,Earl of Leven,London,51.50673486,-0.120836463,Edinburgh,55.948889,-3.190556,Bishop of Salisbury,nonconfromists,Scotland,Holland House,Edinburgh Castle,garrisons,12/5/1689,Letter
267,Earl of Crawford,Lord Melville,Edinburgh,55.948889,-3.190556,London,51.50673486,-0.120836463,Presbyterian,church matters,ministers,,,,12/5/1689,Letter
268,Sir James Dalrymple,Lord Melville,Edinburgh,55.948889,-3.190556,London,51.50673486,-0.120836463,court,club,service,Cardross,Cathcart,,12/5/1689,Letter
269,King William,Scottish Parliament,Holland-House,51.503246,-0.203798,Edinburgh,55.948889,-3.190556,commissions,privy seall,chancellory,Treasury,Justice,,12/7/1689,List
270,Earl of Crawford,Lord Melville,Edinburgh,55.948889,-3.190556,London,51.50673486,-0.120836463,presbyterian interest,episcopal clergy,Ishmael,Hagar,Isaac,,12/10/1689,Letter
271,Sir William Lockhart,Lord Melville,Edinburgh,55.948889,-3.190556,London,51.50673486,-0.120836463,pamphlet,Stair,Carstares,Schomberg,,,12/10/1689,Letter
272,Earl of Crawford,Lord Melville,Edinburgh,55.948889,-3.190556,London,51.50673486,-0.120836463,Hamilton,parliament,judiciary,,,,12/12/1689,Letter
273,Lord Cardross,Lord Melville,Edinburgh,55.948889,-3.190556,London,51.50673486,-0.120836463,Hamilton,council,oath de fideli,excise,Leven,,12/12/1689,Letter
274,Sir James Dalrymple,Lord Melville,Edinburgh,55.948889,-3.190556,London,51.50673486,-0.120836463,service,council,Hamilton,King,,,12/12/1689,Letter
275,Lord Cardross,Lord Melville,Edinburgh,55.948889,-3.190556,London,51.50673486,-0.120836463,Hamilton,oath de fideli,presbyterian,Dumfries,Kirkudbright,,12/18/1689,Letter
276,Duke of Shrewsberry,Lord Melville,Whitehall,51.504444,-0.125556,London,51.50673486,-0.120836463,Captain Hugh Campbell,spy,England,,,,12/19/1689,Letter
277,Earl of Crawford,Lord Melville,Edinburgh,55.948889,-3.190556,London,51.50673486,-0.120836463,service,God,Hamilton,religion,parliament,oath de fideli,12/19/1689,Letter
278,Mr. Gilbert Eliot,Lord Melville,Edinburgh,55.948889,-3.190556,London,51.50673486,-0.120836463,Kennedy,enemy,garrison,Enniskillen,Lisburn Castle,Ireland,12/19/1689,Letter Packet
279,Earl of Crawford,-,Edinburgh,55.948889,-3.190556,-,,,Bishop of Salisbury,church,commissioner,government,,,12/21/1689,Letter
280,Sir John Lauder of Fountainhall,Lord Melville,Edinburgh,55.948889,-3.190556,London,51.50673486,-0.120836463,duty,God,prince,Lockhart,,,12/22/1689,Letter
281,Lord Neil Campbell,Lord Melville,Edinburgh,55.948889,-3.190556,London,51.50673486,-0.120836463,allegiance,borders,highlands,frigates,coast,weather,12/24/1689,Letter
282,Earl of Crawford,Lord Melville,Edinburgh,55.948889,-3.190556,London,51.50673486,-0.120836463,Aberdeen,Hamilton,church,episcopal clergy,ministers,K. James,12/24/1689,Letter
283,Earl of Crawford,Lord Melville,Edinburgh,55.948889,-3.190556,London,51.50673486,-0.120836463,service,council,commissions,,,,12/26/1689,Letter
284,Earl of Crawford,Lord Melville,Edinburgh,55.948889,-3.190556,London,51.50673486,-0.120836463,governors,government,council,Club,army supplies,,12/26/1689,Letter
285,Sir John Dalrymple,Lord Melville,Darlington,54.52429,-1.55039,London,51.50673486,-0.120836463,Danish troops,Dr. Pitcair,horses,,,,12/26/1689,Letter
286,Sir William Lockhart,Lord Melville,Edinburgh,55.948889,-3.190556,London,51.50673486,-0.120836463,Pitlever,Club,methods,,,,12/30/1689,Letter
287,Earl of Crawford,Lord Melville,Edinburgh,55.948889,-3.190556,London,51.50673486,-0.120836463,customs,presbyterian,government,Christ,Presbytery,Israel,12/31/1689,Letter
288,Sir James Dalrymple,Lord Melville,Darlington,54.52429,-1.55039,London,,,King,Jacobites,Club,Ireland,,,1/1/1690,Letter
289,Earl of Argyll,Earl of Portland,Glasgow,55.860916,-4.251433,Hampton Court,51.403332,-0.3375,letter,King William,station,,,,1/2/1690,Letter
290,Mr. Gilbert Eliot,Lord Melville,Edinburgh,55.948889,-3.190556,London,51.50673486,-0.120836463,dragoons,rebels,Menteith,,,,1/4/1690,Letter
291,Sir John Dalrymple,Lord Melville,Edinburgh,55.948889,-3.190556,London,51.50673486,-0.120836463,Hamilton,Tweeddale,Club,highland clans,Edinburgh,regiments,1/4/1690,Letter
292,Earl of Crawford,Lord Melville,Edinburgh,55.948889,-3.190556,London,51.50673486,-0.120836463,King,favor,parliament,,,,1/7/1690,Letter
293,Sir Patrick Hume of Polwarth,Lord Melville,Edinburgh,55.948889,-3.190556,London,51.50673486,-0.120836463,commissions,presentations,,,,,1/7/1690,Memorandum
294,Sir William Lockhart,Lord Melville,Edinburgh,55.948889,-3.190556,London,51.50673486,-0.120836463,favor,malversations,Presbyterians,Hamilton,,,1/9/1690,Letter
295,The Privy Council,Lord Melville,Edinburgh,55.948889,-3.190556,London,51.50673486,-0.120836463,Mackay,Portland,King,firearms,ammunition,,1/10/1690,Letter
296,Sir John Dalrymple,Lord Melville,Edinburgh,55.948889,-3.190556,London,51.50673486,-0.120836463,Club,Inverlochy,rebels,Ireland,highlands,presbyterians,1/10/1690,Letter
297,Earl of Crawford,Lord Melville,Edinburgh,55.948889,-3.190556,London,51.50673486,-0.120836463,council,divisions,prisoner,highlands,,,1/11/1690,Letter
298,Sir John Dalrymple,Lord Melville,Edinburgh,55.948889,-3.190556,London,51.50673486,-0.120836463,Club,Portland,England,church,presbyterians,Hamilton,1/14/1690,Letter
299,The Privy Council,Lord Melville,Edinburgh,55.948889,-3.190556,London,51.50673486,-0.120836463,Captain Kennedy,Ireland,Glasgow,Schomberg,supplies,,1/16/1690,Letter
300,Sir John Dalrymple,Lord Melville,Edinburgh,55.948889,-3.190556,London,51.50673486,-0.120836463,Club,prebyterians,Ireland,Inverlochy,Balcarres,K. James,1/16/1690,Letter
301,Sir James Dalrymple,Lord Melville,Edinburgh,55.948889,-3.190556,London,51.50673486,-0.120836463,Tarbat,session,Club,service,ministers,jacobites,1/17/1690,Letter
302,Earl of Argyll,King William,Edinburgh,55.948889,-3.190556,Kensington Court,51.504997,-0.187752,Gordon,Arburchell,estate,,,,1/20/1690,Letter
303,Earl of Argyll,Lord Melville,Edinburgh,55.948889,-3.190556,London,51.50673486,-0.120836463,arburchell,Gordon,friendship,,,,1/20/1690,Letter
304,Sir John Dalrymple,Lord Melville,Edinburgh,55.948889,-3.190556,London,51.50673486,-0.120836463,patronage,parliament,,,,,1/20/1690,Letter
305,Earl of Crawford,Lord Melville,Edinburgh,55.948889,-3.190556,London,51.50673486,-0.120836463,episcopal ministers,judges,government,church,Scotland,Irish prisoners,1/21/1690,Letter
306,Sir James Dalrymple,Lord Melville,Edinburgh,55.948889,-3.190556,London,51.50673486,-0.120836463,friendship,libel,King,Aberuchell,,,1/21/1690,Letter
307,Sir John Dalrymple,Lord Melville,Edinburgh,55.948889,-3.190556,London,51.50673486,-0.120836463,service,friendship,Ayr,ministers,council,Hamilton,1/21/1690,Letter
308,Lord Melville,Earl of Crawford,London,51.50673486,-0.120836463,Edinburgh,55.948889,-3.190556,arms,ammunition,Holland,France,difficulties,King,1/22/1690,Letter
309,Marquis of Lothian,Lord Melville,Edinburgh,55.948889,-3.190556,London,51.50673486,-0.120836463,duties,troop of guards,service,,,,1/23/1690,Letter
310,Lord Carmichael,Lord Melville,Edinburgh,55.948889,-3.190556,London,51.50673486,-0.120836463,interest,service,King,,,,1/24/1690,Letter
311,Sir William Lockhart,Lord Melville,Edinburgh,55.948889,-3.190556,London,51.50673486,-0.120836463,printer,prison,Crawford,parliament,Club,,1/25/1690,Letter
312,Sir William Lockhart,Lord Melville,Edinburgh,55.948889,-3.190556,London,51.50673486,-0.120836463,Scotland,trouble,printer,Club,Hamilton,Crawford,1/25/1690,Letter
313,Earl of Cassillis,Lord Melville,Edinburgh,55.948889,-3.190556,London,51.50673486,-0.120836463,treasury,revenue,Holyrood House,printer,prison,,1/28/1690,Letter
314,Earl of Crawford,Lord Melville,Edinburgh,55.948889,-3.190556,London,51.50673486,-0.120836463,Scotland,King,visit,Christ,Prince,Israel,1/28/1690,Letter
315,Sir James Dalrymple,Lord Melville,Edinburgh,55.948889,-3.190556,London,51.50673486,-0.120836463,King,Sumptary Act,Ayr,Club,English,,1/30/1690,Letter
316,Sir John Dalrymple,Lord Melville,Edinburgh,55.948889,-3.190556,London,51.50673486,-0.120836463,Club,Hamilton,Jacobites,Presbyterians,commission,,1/31/1690,Letter
317,Earl of Crawford,Lord Melville,Edinburgh,55.948889,-3.190556,London,51.50673486,-0.120836463,Jacobites,King,Scotland,presbyterian,church,nonconformists,2/4/1690,Letter
318,Sir William Lockhart,Lord Melville,Edinburgh,55.948889,-3.190556,London,51.50673486,-0.120836463,coronation,ireland,Club,Hamilton,parliament,,2/4/1690,Letter
319,Sir John Dalrymple,Lord Melville,Edinburgh,55.948889,-3.190556,London,51.50673486,-0.120836463,King,Cameronians,Ayr,government,Jacobites,sumptary,2/4/1690,Letter
320,Sir John Dalrymple,Lord Melville,Edinburgh,55.948889,-3.190556,London,51.50673486,-0.120836463,Ireland,Buchan,King,Club,Jacobites,,2/7/1690,Letter
321,The Privy Council,King William,Edinburgh,55.948889,-3.190556,Kensington Court,51.504997,-0.187752,King,Scotland,troops,kingdom,,,2/8/1690,Letter
322,The Privy Council,Lord Melville,Edinburgh,55.948889,-3.190556,London,51.50673486,-0.120836463,Skelmorlie,Belfast,intelligence,frigates,Ireland,parliament,2/8/1690,Letter
323,Duke of Shrewsberry,Lord Melville,Whitehall,51.504444,-0.125556,London,51.50673486,-0.120836463,Peter Frazer,Scotland,character,observe,,,2/8/1690,Letter
324,The Privy Council,Lord Melville,Edinburgh,55.948889,-3.190556,London,51.50673486,-0.120836463,seamen,service,fleet,treasury,,,2/8/1690,Letter
325,Sir William Lockhart,Mr. James Melville,Edinburgh,55.948889,-3.190556,London,51.50673486,-0.120836463,King,Hamilton,council,,,,2/8/1690,Letter
326,Sir John Dalrymple,Lord Melville,Edinburgh,55.948889,-3.190556,London,51.50673486,-0.120836463,Annandale,Club,Hamilton,,,,2/8/1690,Letter
327,Earl of Lothian,King William,Edinburgh,55.948889,-3.190556,Kensington Court,51.504997,-0.187752,troop of guards,royal bounty,,,,,2/11/1690,Letter
328,Earl of Lothian,Lord Melville,Edinburgh,55.948889,-3.190556,London,51.50673486,-0.120836463,scots guards,service,King,,,,2/11/1690,Letter
329,Earl of Argyll,Lord Melville,Edinburgh,55.948889,-3.190556,London,51.50673486,-0.120836463,Arburchell,King,Leven,money,,,2/11/1690,Letter
330,Sir Patrick Hume of Polwarth and Duncan Forbes,King William,Edinburgh,55.948889,-3.190556,Kensington Court,51.504997,-0.187752,dissatification,parliament,Jacobites,"""dark clouds""",,,2/11/1690,Letter
331,Sir Patrick Hume of Polwarth and Duncan Forbes,Lord Melville,Edinburgh,55.948889,-3.190556,London,51.50673486,-0.120836463,health,progress,King's service,,,,2/11/1690,Letter
332,Earl of Crawford,Lord Melville,Edinburgh,55.948889,-3.190556,London,51.50673486,-0.120836463,council,King,parliament,,,,2/13/1690,Letter
333,Sir John Dalrymple,Lord Melville,Edinburgh,55.948889,-3.190556,London,51.50673486,-0.120836463,Hamilton,council,parliament,,,,2/15/1690,Letter
334,Sir Patrick Hume of Polwarth and Duncan Forbes,King William,Edinburgh,55.948889,-3.190556,Kensington Court,51.504997,-0.187752,security,divisions,parliament,session,,,2/15/1690,Letter
335,Sir Patrick Hume of Polwarth and Duncan Forbes,Lord Melville,Edinburgh,55.948889,-3.190556,London,51.50673486,-0.120836463,divisions,Scotland,King's service,danger,,,2/15/1690,Letter
336,Sir John Dalrymple,Lord Melville,Edinburgh,55.948889,-3.190556,London,51.50673486,-0.120836463,Strachan,Ireland,K. James,Erroll,French fleet,Schomberg,2/18/1690,Letter
337,Earl of Argyll,Lord Melville,Edinburgh,55.948889,-3.190556,London,51.50673486,-0.120836463,K. James,Strachan,papist,Dublin,Greenock,letters,2/20/1690,Letter
338,The Privy Council,Lord Melville,Edinburgh,55.948889,-3.190556,London,51.50673486,-0.120836463,Strachan,Erroll,letters,Seaforth,Ireland,French fleet,2/20/1690,Letter Packet
339,Earl of Crawford,Lord Melville,Edinburgh,55.948889,-3.190556,London,51.50673486,-0.120836463,prisoner,presbyterian,episcopal,western shires,,,2/20/1690,Letter
340,Sir John Dalrymple,Lord Melville,Edinburgh,55.948889,-3.190556,London,51.50673486,-0.120836463,Scotland,K. James,Ireland,,,,2/20/1690,Letter
341,King William,Lord Melville,Kensington Court,51.504997,-0.187752,Holyrood House,55.952499,-3.1725,elections,Presbyterian ministers,Church,supply,rebels,oath de fideli,2/25/1690,Private Instructions
342,Burrough of Belfast,Colonel Hill,Belfast,54.607868,-5.926437,Dublin,53.33306,-6.24889,Belfast,Colonel Hill,Irish,King William,,,2/28/1690,Cerificate and Recommendation
343,King William,Lord Melville,Kensington Court,51.504997,-0.187752,Holyrood House,55.952499,-3.1725,secret council,security,government,mackay,forces,,2/28/1690,Private Instructions
344,King William,Lord Melville,Kensington Court,51.504997,-0.187752,Holyrood House,55.952499,-3.1725,security,mackay,grievances,intelligence,presbyterians,,2/1/1690,Instructions
345,Lord Melville,King William,Edinburgh,55.948889,-3.190556,Kensington Court,51.504997,-0.187752,Hamilton,service,Breadalbane,Berwick,Carlisle,borders,3/18/1690,Letter
346,King William,Lord Melville,Kensington Court,51.504997,-0.187752,Holyrood House,55.952499,-3.1725,service,commissioner,parliament,Scotland,,,3/20/1690,Letter
347,King William,Lord Melville,Kensington Court,51.504997,-0.187752,Holyrood House,55.952499,-3.1725,Breadalbane,rebels,parliament,Scotland,frigates,,3/20/1690,Letter
348,King William,The Privy Council,Kensington Court,51.504997,-0.187752,Edinburgh,55.948889,-3.190556,council,kingdom,deserters,garrisons,,,3/20/1690,Letter
349,King William,Viscount Tarbat,Whitehall,51.504444,-0.125556,Edinburgh,55.948889,-3.190556,highlanders,Scotland,duty,entreat,,,3/25/1690,Warrant
350,King William,Lord Melville,Kensington Court,51.504997,-0.187752,Holyrood House,55.952499,-3.1725,parliament,instructions,,,,,4/9/1690,Letter
351,Earl of Portland,Lord Melville,Kensington Court,51.504997,-0.187752,Holyrood House,55.952499,-3.1725,letters,parliament,Carstares,information,,,4/11/1690,Letter
352,Marshal Schonberg,Earl of Leven,Lisburn,54.52337,-6.03527,Edinburgh,55.948889,-3.190556,Captain Kennedy,Melville,Scotland,,,,4/12/1690,Letter
353,King William,Lord Melville,Kensington Court,51.504997,-0.187752,Holyrood House,55.952499,-3.1725,imprisoned,apprehend,disaffected,,,,4/15/1690,Order
354,Colonel Hill,Earl of Leven,Dublin,53.33306,-6.24889,Edinburgh,55.948889,-3.190556,highlands,K. James,Ireland,French ships,highlanders,coast,4/17/1690,Letter
355,Earl of Ranelagh,Lord Melville,London,51.50673486,-0.120836463,Holyrood House,55.952499,-3.1725,service,regiment,Ireland,scots guards,,,4/19/1690,Letter
356,Earl of Portland,Lord Melville,Kensington Court,51.504997,-0.187752,Holyrood House,55.952499,-3.1725,Carstares,presbyterians,Club,Ireland,France,letters,4/22/1690,Letter
357,Lord Melville,Earl of Breadalbane,Holyrood House,55.952499,-3.1725,Breadalbane,56.34,-4.274,Breadalbane,highlanders,submission,security,,,4/24/1690,Order
358,Sir William Lockhart,Master of Melville,London,51.504444,-0.125556,Edinburgh,55.948889,-3.190556,presbytery,King,parliament,scrizimor,,,4/29/1690,Letter
359,King William,Lord Melville,Kensington Court,51.504997,-0.187752,Holyrood House,55.952499,-3.1725,committees,elections,parliament,,,,4/1/1690,Letter
360,King William,Lord Melville,Kensington Court,51.504997,-0.187752,Holyrood House,55.952499,-3.1725,Crawford,security,religion,knighthood,,,4/1/1690,Additional Instructions
361,Mr. David Nairne,Earl of Leven,Edinburgh,55.948889,-3.190556,Edinburgh,55.948889,-3.190556,Drumlanrig,public affairs,King,treasurer depute,Raith,,5/1/1690,Letter
362,King William,Lord Melville,Kensington Court,51.504997,-0.187752,Holyrood House,55.952499,-3.1725,Breadalbane,Melville,Pottinger,ships,forces,,5/2/1690,Approbation
363,King William,Lord Melville,Kensington Court,51.504997,-0.187752,Holyrood House,55.952499,-3.1725,officers,soldiers,government,army,,,5/7/1690,Letter
364,King William,Lord Melville,Kensington Court,51.504997,-0.187752,Holyrood House,55.952499,-3.1725,service,crimes,treason,Prince,remission,,5/14/1690,Letter
365,Earl of Portland,Lord Melville,Kensington Court,51.504997,-0.187752,Holyrood House,55.952499,-3.1725,King,Carstares,presbyterians,Inverlochy,Mackay,,5/15/1690,Letter
366,King William,Lord Melville,Kensington Court,51.504997,-0.187752,Holyrood House,55.952499,-3.1725,church,presbytery,popery,reformation,protestant religion,,5/22/1690,Remarks on the Church
367,King William,Lord Melville,Kensington Court,51.504997,-0.187752,Holyrood House,55.952499,-3.1725,public oath,fines,capital crimes,civil debt,Edinburgh,trade,5/30/1690,Additional Instructions
368,King William,Lord Melville,Kensington Court,51.504997,-0.187752,Holyrood House,55.952499,-3.1725,indemnity,,,,,,6/3/1690,Instructions
369,Viscount Tarbat,Lord Melville,Edinburgh,55.948889,-3.190556,Holyrood House,55.952499,-3.1725,Raith,,,,,,6/3/1690,Letter
370,The Privy Council,King William,Edinburgh,55.948889,-3.190556,Kensington Court,51.504997,-0.187752,Holyrood House,Haddington,rent,,,,6/5/1690,Letter
371,King William,Lord Melville,Hoylake,53.39046,-3.18066,Holyrood House,55.952499,-3.1725,Mackay,correspondence,Lockhart,Scotland,Ireland,Carstares,6/9/1690,Letter
372,Earl of Portland,Lord Melville,Hoylake,53.39046,-3.18066,Holyrood House,55.952499,-3.1725,Carstares,Inverlochy,Mackay,borders,friendship,security,6/9/1690,Letter
373,Earl of Nottingham,Lord Melville,Whitehall,51.504444,-0.125556,Holyrood House,55.952499,-3.1725,highlake,Ireland,Scotland,Queen,,,6/13/1690,Letter
374,Mr. David Nairne,Lord Melville,Edinburgh,55.948889,-3.190556,Holyrood House,55.952499,-3.1725,Ferguson,imprisonment,Leven,Gibson,,,6/14/1690,Letter
375,Mr. David Nairne,Earl of Leven,Edinburgh,55.948889,-3.190556,Edinburgh,55.948889,-3.190556,Drumlanrig,Abbey,Raith,gazettes,,,6/19/1690,Letter
376,Marquis of Atholl,Major-General Mackay,Glenalmond,56.37268,-3.83891,Edinburgh,55.948889,-3.190556,enemies,health,kingdom,,,,6/19/1690,Letter
377,Marquis of Atholl,Lord Melville,Glenalmond,56.37268,-3.83891,Edinburgh,55.948889,-3.190556,health,King,government,,,,6/19/1690,Letter
378,Earl of Nottingham,Lord Melville,Whitehall,51.504444,-0.125556,Holyrood House,55.952499,-3.1725,Lockhart,Scotland,Cochran,Ferguson,discharged,,6/21/1690,Letter
379,Lord Ross,Mr. George Stirling,Inch,54.95,-4.95,Edinburgh,55.948889,-3.190556,enemies,prisoner,health,kindness,,,6/23/1690,Letter
380,Lord Ross,Lord Melville,Inch,54.95,-4.95,Edinburgh,55.948889,-3.190556,Edinburgh,plots,parliament,imprisoned,England,,6/23/1690,Letter
381,Lord Melville,Queen Mary,Edinburgh,55.948889,-3.190556,Whitehall,51.504444,-0.125556,plot,protestant religion,information,enemies,,,6/23/1690,Letter
382,Mr. William Carstares,-,Edinburgh,55.948889,-3.190556,-,,,court,service,conspiracy,church government,,,6/23/1690,Letter
383,Lord Melville,Queen Mary,Edinburgh,55.948889,-3.190556,Whitehall,51.504444,-0.125556,Ireland,Lockhart,Ross,service,Monsier D'Allone,,6/24/1690,Letter
384,Earl of Nottingham,Lord Melville,Whitehall,51.504444,-0.125556,Holyrood House,55.952499,-3.1725,French fleet,coast,Torrington,Ferguson,Cochran,treason,6/26/1690,Letter
385,Colonel Billingsley,Lord Melville,Berwick,55.78333 -2.0,,Holyrood House,55.952499,-3.1725,news,Ross,Hume,battalion,disaffected,,6/27/1690,Letter
386,Master of Forbes,Lord Melville,Aberdeen,57.149651,-2.099075,Holyrood House,55.952499,-3.1725,presbytery,Inverlochy,garrisons,security,highlands,prisoners,6/27/1690,Letter
387,Queen Mary,-,Whitehall,51.504444,-0.125556,-,,,K. James,Skelmorlie,Edinburgh,presbyterians,Carstares,French,6/1/1690,Articles of Examination
388,Lord Melville,Queen Mary,Edinburgh,55.948889,-3.190556,Whitehall,51.504444,-0.125556,plot,evidence,Lockhart,Ireland,King,service,6/1/1690,Letter
389,Lord Melville,Queen Mary,Edinburgh,55.948889,-3.190556,Whitehall,51.504444,-0.125556,plot,protestant religion,information,enemies,,,6/1/1690,Letter
390,Lord Melville,Queen Mary,Edinburgh,55.948889,-3.190556,Whitehall,51.504444,-0.125556,Lockhart,Ross,French fleet,intelligence,Skelmorlie,evidence,7/2/1690,Letter
391,Sir William Lockhart,Lord Melville,London,51.504444,-0.125556,Holyrood House,55.952499,-3.1725,Flanders,French,Waldeck,London,Westminster,Ireland,7/3/1690,Letter
392,Colonel Billingsley,Lord Melville,Berwick,55.78333,-2,Holyrood House,55.952499,-3.1725,mail,moncreiff,service,,,,7/3/1690,Letter
393,Queen Mary,Lord Melville,Whitehall,51.504444,-0.125556,Holyrood House,55.952499,-3.1725,Lockhart,dangers,King,,,,7/3/1690,Letter
394,Earl of Portland,Lord Melville,Ballyhara,52.91044,-6.11488,Holyrood House,55.952499,-3.1725,King,Protestant,Dublin,K. James,Carstares,Boyne,7/4/1690,Letter
395,Earl of Nottingham,Lord Melville,Whitehall,51.504444,-0.125556,Holyrood House,55.952499,-3.1725,french fleet,channel,mail,,,,7/5/1690,Letter
396,Lord Melville,King William,Edinburgh,55.948889,-3.190556,Ballyhara,52.91044,-6.11488,Inverlochy,Lochiel,coast,French,Breadalbane,Ireland,7/6/1690,Letter
397,Mr. William Carstares,Monsieur D'Allone ?,Edinburgh,55.948889,-3.190556,London,51.50673486,-0.120836463,highlands,borders,Torrington,Ireland,Boyne,Schomberg,7/9/1690,Letter
398,Lord Melville,Monsieur D'Allone,Holyrood House,55.952499,-3.1725,London,51.50673486,-0.120836463,Lockhart,Nottingham,intelligence,highlands,Jacobites,England,7/10/1690,Letter
399,Colonel Hill,Lord Melville,Inverlochie,56.82621503,-5.075268032,Holyrood House,55.952499,-3.1725,Raith,provisions,garrison,army,weather,highlands,7/10/1690,Letter
400,Earl of Nottingham,Lord Melville,Whitehall,51.504444,-0.125556,Holyrood House,55.952499,-3.1725,borders,maxwell,Scotland,,,,7/12/1690,Letter
401,Mr. William Carstares,Monsieur D'Allone,Edinburgh,55.948889,-3.190556,London,51.50673486,-0.120836463,highlanders,Canon,Stirling,Arran,Lockhart,Ross,7/13/1690,Letter
403,Earl of Nottingham,Lord Melville,Whitehall,51.504444,-0.125556,Holyrood House,55.952499,-3.1725,disaffected,borders,Scotland,Berwick,Carlisle,,7/15/1690,Letter
403,Captain Pottinger,Lord Melville,"Duart Road, Dartmouth",50.3522,-3.5794,Holyrood House,55.952499,-3.1725,Greenock,blockade,coast,Seaforth,highlanders,Inverlochy,7/19/1690,Letter
404,Colonel Billingsley,Lord Melville,Berwick,55.78333,-2,Holyrood House,55.952499,-3.1725,flying packets,black box,Home,borders,militia,Scotland,7/19/1690,Letter
405,Captain Pottinger,Major-General Mackay,"Duart Road, Dartmouth",50.3522,-3.5794,Dunkel,,,Hill,Dunstaffnage,seamen,Greenock,Douglas,frigate,7/21/1690,Letter
406,Colonel Billingsley,Lord Melville,Berwick,55.78333,-2,Holyrood House,55.952499,-3.1725,express,mistake,postmaster,delay,,,7/21/1690,Letter
407,Earl of Portland,Lord Melville,Carrick,50.264,-5.054,Edinburgh,55.948889,-3.190556,invasion,Dublin,Mackay,Inverlochy,garrisons,Ireland,7/23/1690,Letter
408,Lord Melville,Queen Mary,Edinburgh,55.948889,-3.190556,Whitehall,51.504444,-0.125556,Lockhart,Highlanders,mail,Ross,Skelmorlie,plot,7/24/1690,Letter
409,Sir William Lockhart,Earl of Leven,London,51.504444,-0.125556,Edinburgh,55.948889,-3.190556,pay,muster rolls,Mackay,service,,,7/24/1690,Letter
410,Colonel Hill,Lord Melville,Inverlochie,56.8262150285 -5.07526803226,,Holyrood House,55.952499,-3.1725,supplies,soldiers,pay,ships,,,7/26/1690,Letter
411,"Attestation Mr. Gabriel Cunningham, Mr. Carstares, Mr. William Dunlop",Sir James Montgomery,Holyrood House,55.952499,-3.1725,London,51.50673486,-0.120836463,conspiracy,honesty,indemnity,,,,7/26/1690,Attestation
412,Lord Melville,Sir James Montgomery,Holyrood House,55.952499,-3.1725,London,51.50673486,-0.120836463,indemnity,evidence,legal witness,London,Queen,secret,7/26/1690,Letter
413,Lord Melville,Queen Mary,Edinburgh,55.948889,-3.190556,Whitehall,51.504444,-0.125556,Skelmorlie,Ross,secret,service,Lockhart,K.James,7/29/1690,Letter
414,Lord Melville,Queen Mary,Edinburgh,55.948889,-3.190556,Whitehall,51.504444,-0.125556,Skelmorlie,plot,information,clemency,Mr. Jones,counterfeit,7/31/1690,Letter
415,Queen Mary,Lord Ross,Whitehall,51.504444,-0.125556,Edinburgh,55.948889,-3.190556,Ross,plot,Carstares,evidence,Skelmorlie,St. Germain,7/1/1690,Narrative
416,Judges of the Court of Session,King William,Edinburgh,55.948889,-3.190556,Whitehall,51.504444,-0.125556,exemption,taxation,royal precedent,Christendom,,,8/2/1690,Letter
417,Lord Melville,Queen Mary,Holyrood House,55.952499,-3.1725,Whitehall,51.504444,-0.125556,Mary Modena,letters,secrecy,Ross,Skelmorlie,security,8/6/1690,Letter
418,Commissioners of Supply of Lanarkshire,Lord Melville,Lanark,55.67371,-3.7817,Holyrood House,55.952499,-3.1725,supply,reports,service,,,,8/12/1690,Letter
419,Sir William Lockhart,Lord Melville,London,51.504444,-0.125556,Holyrood House,55.952499,-3.1725,Ireland,enemies,Annandale,Skelmorlie,Irish,French,8/13/1690,Letter
420,Lord Melville,Queen Mary,Holyrood House,55.952499,-3.1725,Whitehall,51.504444,-0.125556,highlands,rebels,security,Skelmorlie,Ross,Annandale,8/16/1690,Letter
421,D. Carnegie of Pittarro,Lord Melville,Montrose,56.7,-2.45,Edinburgh,55.948889,-3.190556,highland army,Cunningham,disaffected,ruined property,loyal,,8/16/1690,Letter
422,Earl of Kintore,Lord Melville,Eastsein,56.592,-3.086,Edinburgh,55.948889,-3.190556,highlanders,Dunnotter,Buchan,K. James,servant,,8/17/1690,Letter
423,Earl of Annandale,Lord Melville,London,51.50673486,-0.120836463,Edinburgh,55.948889,-3.190556,trouble,kindness,testimony,,,,8/20/1690,Letter
424,Colonel Hill,Earl of Leven,Inverlochie,56.82621503,-5.075268032,Edinburgh,55.948889,-3.190556,Inverlochy,K. James,landings,Mull,Lochiel,Irish,8/21/1690,Letter
425,Mr. Alexander Johnston,Lord Melville,London,51.50673486,-0.120836463,Edinburgh,55.948889,-3.190556,thanks,church government,posterity,servant,,,8/21/1690,Letter
426,Marquis of Atholl,Lord Melville,Tullimett,56.65408,-3.62828,Edinburgh,55.948889,-3.190556,health,servants,error,,,,8/22/1690,Letter
427,Sir William Lockhart,Lord Melville,London,51.504444,-0.125556,Edinburgh,55.948889,-3.190556,Skelmorlie,Limerick,ships,Portsmouth,French coast,,8/24/1690,Letter
428,Countess of Seaforth,Lord Melville,Coull,57.11279,-2.80446,Edinburgh,55.948889,-3.190556,Inverness,prisoner,banishment,Mackay,,,8/28/1690,Letter
429,Sir William Lockhart,Lord Melville,London,51.504444,-0.125556,Edinburgh,55.948889,-3.190556,K. James,plot,Club,Neville Payne,France,Ireland,8/30/1690,Letter
430,"Earl of Annandale's Conditions, From the Queen",-,Whitehall,51.504444,-0.125556,London,51.50673486,-0.120836463,Lockhart,Annandale,plot,treason,information,,8/1/1690,Conditions from the Queen
431,Sir William Lockhart,Queen Mary,London,51.504444,-0.125556,Whitehall,51.504444,-0.125556,K. James,prison,Neville Payne,Ireland,Jacobites,rebels,8/14/1690,Account
432,Earl of Annandale,-,London,51.50673486,-0.120836463,-,,,Neville Payne,Scotland,border,Annandale,Skelmorlie,,8/1/1690,Account
433,Sir William Lockhart,Mr. James Melville,London,51.504444,-0.125556,London,51.50673486,-0.120836463,Skelmorlie,Annandale,K. James,Neville Payne,,,8/1/1690,Letter
434,Sir William Lockhart,Lord Melville,London,51.504444,-0.125556,Edinburgh,55.948889,-3.190556,Annandale,plot,Neville Payne,Ireland,Mackay,Scotland,8/1/1690,Letter
435,Sir William Lockhart,Lord Melville,London,51.504444,-0.125556,Edinburgh,55.948889,-3.190556,Ross,Skelmorlie,K. James,Berwick,Neville Payne,,8/1/1690,Letter
436,Sir William Lockhart,Lord Melville,London,51.504444,-0.125556,Edinburgh,55.948889,-3.190556,informer,K. James,parliament,service,Neville Payne,,8/1/1690,Letter
437,Lord Melville,,Edinburgh,55.948889,-3.190556,Edinburgh,55.948889,-3.190556,Melville,Skelmorlie,plot,K. James,discovery,,8/1/1690,Declaration
438,Queries,Neville Payne,Edinburgh,55.948889,-3.190556,-,,,Skelmorlie,Scotland,K. James,Annandale,Ross,invasion,8/1/1690,Queries
439,King William,,Waterford,52.25833 -7.11194,,-,,,regiments,service,Colonel Hill,,,,9/2/1690,Order
440,Earl of Kintore,Lord Melville,Edinburgh,55.948889,-3.190556,Edinburgh,55.948889,-3.190556,son,council,King,mercy,,,9/2/1690,Letter
441,Queen Mary,,Whitehall,51.504444,-0.125556,-,,,Skelmorlie,K. James,Ireland,Scotland,French,Irish,9/6/1690,Narrative
442,Earl of Drumlangrig,Earl of Leven,Stirling,56.1166,-3.9369,Edinburgh,55.948889,-3.190556,health,Ramsay,news,Ireland,Edinburgh,Perth,9/6/1690,Letter
443,Earl of Nottingham,Lord Melville,Whitehall,51.504444,-0.125556,Edinburgh,55.948889,-3.190556,vessels,Glasgow,secured,,,,9/6/1690,Letter
444,Sir William Lockhart,Lord Melville and The Privy Council,London,51.504444,-0.125556,London,51.50673486,-0.120836463,Queen,council,Scotland,Nottingham,Pottinger,,9/7/1690,Letter
445,Sir William Lockhart,Lord Melville,London,51.504444,-0.125556,London,51.50673486,-0.120836463,Limerick,Portland,Ireland,Holland,Queen,England,9/7/1690,Letter
446,Earl of Drumlangrig,Lord Melville,Stirling,56.1166,-3.9369,London,51.50673486,-0.120836463,Stirling,intelligence,season,rebels,Argyll,Montieth,9/10/1690,Letter
447,Earl of Bredalbane,Lord Melville,Castle Kilchurn,56.40216506,-5.023999904,London,51.50673486,-0.120836463,council,highlanders,achallader,edinburgh,,,9/17/1690,Letter
448,The Privy Council of Scotland,King William,Edinburgh,55.948889,-3.190556,London,51.50673486,-0.120836463,Ireland,success,religion,Christendom,Melville,Leven,9/18/1690,Letter
449,Colonel Hill,Earl of Leven,Inverlochie,56.82621503,-5.075268032,London,51.50673486,-0.120836463,Buchanan,garrison,ships,company,treasury,,9/27/1690,Letter
450,Earl of Portland,Lord Melville,Loo,52.234167,5.945833,London,51.50673486,-0.120836463,Scotland,parliament,affairs,,,,9/29/1690,Letter
451,The Presbyterian Ministers in Edinburgh,King William,Edinburgh,55.948889,-3.190556,London,51.50673486,-0.120836463,King,Ireland,evil-minded men,Christian,Scotland,Melville,10/2/1690,Letter
452,The Presbyterian Ministers in Edinburgh,Lord Melville,Edinburgh,55.948889,-3.190556,London,51.50673486,-0.120836463,administration,Church,honor,enemies,government,,10/2/1690,Letter
453,Earl of Crawford,Lord Melville,Edinburgh,55.948889,-3.190556,London,51.50673486,-0.120836463,highland,rebels,arms,Kintore,Ireland,,10/2/1690,Letter
454,Colonel Hill,Lord Melville,Inverlochie,56.82621503,-5.075268032,London,51.50673486,-0.120836463,Buchan,Canon,highlands,Ireland,K. James,France,10/2/1690,Letter
455,The Town Council of Edinburgh,Lord Melville,Edinburgh,55.948889,-3.190556,London,51.50673486,-0.120836463,Edinburgh,oath of allegiance,parliament,,,,10/2/1690,Letter
456,Lord Ross,Lord Melville,Tower of London,51.50853,-0.076132,London,51.50673486,-0.120836463,friendship,kindness,grateful,,,,10/8/1690,Letter
457,Earl of Crawford,Lord Melville,Edinburgh,55.948889,-3.190556,London,51.50673486,-0.120836463,council,presbyterian,highland,coast,frigates,Dunkirk,10/9/1690,Letter
458,Lord Melville,Earl of Crawford,London,51.50673486,-0.120836463,Edinburgh,55.948889,-3.190556,General Assembly,King,clergy,Universities,Bishop,,10/10/1690,Letter
459,Lord Melville,Lord Carmichaell,London,51.50673486,-0.120836463,Edinburgh,55.948889,-3.190556,General Assembly,Church,service,,,,10/10/1690,Letter
460,Lord Melville,Mr. Hugh Kennedy,London,51.50673486,-0.120836463,Edinburgh,55.948889,-3.190556,General Assembly,church,God,Prince,,,10/10/1690,Letter
461,Lord Melville,Mr. James Kirkton,London,51.50673486,-0.120836463,Edinburgh,55.948889,-3.190556,General Assembly,public interest,,,,,10/10/1690,Letter
462,Lord Melville,Dr. Gilbert Rule,London,51.50673486,-0.120836463,Edinburgh,55.948889,-3.190556,religion,King,General Assembly,enemies,,,10/10/1690,Letter
463,Lord Melville,Mr. Fraser of Brae,London,51.50673486,-0.120836463,Edinburgh,55.948889,-3.190556,General Assembly,session,safety,,,,10/10/1690,Letter
464,Lord Melville,Mr. David Williamson,London,51.50673486,-0.120836463,Edinburgh,55.948889,-3.190556,Protestant,General Assembly,presbytery,parliament,King,,10/10/1690,Letter
465,Sir William Lockhart,Lord Melville,London,51.504444,-0.125556,London,51.50673486,-0.120836463,Melville,Scotland,Hampton Court,Hamilton,Kensington,,10/13/1690,Letter
466,Sir James Dalrymple,Lord Melville,Edinburgh,55.948889,-3.190556,London,51.50673486,-0.120836463,General Assembly,Carmichael,ministers,government,,,10/13/1690,Letter
467,Earl of Crawford,Lord Melville,Edinburgh,55.948889,-3.190556,London,51.50673486,-0.120836463,General Assembly,King,ministers,court,elder,,10/14/1690,Letter
468,The Privy Council,Lord Melville,Edinburgh,55.948889,-3.190556,London,51.50673486,-0.120836463,rebels,highlands,Argyll,Isles,Mackay,,10/16/1690,Letter
469,Earl of Crawford,Lord Melville,Edinburgh,55.948889,-3.190556,London,51.50673486,-0.120836463,General Assembly,session,Carmichael,King,,,10/17/1690,Letter
470,Lord Carmichaell,Lord Melville,Edinburgh,55.948889,-3.190556,London,51.50673486,-0.120836463,Crawford,King,General Assembly,,,,10/17/1690,Letter
471,The Earl of Kintore,King William,Edinburgh,55.948889,-3.190556,-,,,King,enemies,son,mercy,,,10/18/1690,Letter
472,Earl of Crawford,Lord Melville,Edinburgh,55.948889,-3.190556,London,51.50673486,-0.120836463,General Assembly,protestant,religion,service,Kirkton,,10/18/1690,Letter
473,Lord Carmichaell,Lord Melville,Edinburgh,55.948889,-3.190556,London,51.50673486,-0.120836463,General Assembly,King,instructions,,,,10/18/1690,Letter
474,Viscount Tarbat,Lord Melville,Edinburgh,55.948889,-3.190556,London,51.50673486,-0.120836463,Mackay,clans,submission,Colonel Hill,Ireland,,10/21/1690,Letter
475,Viscount Tarbat,Lord Melville,Edinburgh,55.948889,-3.190556,London,51.50673486,-0.120836463,Colonel Hill,security,highland,highlanders,peace,,10/22/1690,Letter
476,Earl of Crawford,Lord Melville,Edinburgh,55.948889,-3.190556,London,51.50673486,-0.120836463,General Assembly,information,parliament,,,,10/22/1690,Letter
477,Lord Carmichaell,Lord Melville,Edinburgh,55.948889,-3.190556,London,51.50673486,-0.120836463,General Assembly,King's business,,,,,10/22/1690,Letter
478,Lord Melville,Mr. Gabriel Cuningham,London,51.50673486,-0.120836463,Edinburgh,55.948889,-3.190556,religion,King,christian,kingdoms,Carstares,,10/24/1690,Letter
479,Earl of Crawford,Lord Melville,Edinburgh,55.948889,-3.190556,London,51.50673486,-0.120836463,Leith Road,Bellenden,Buchan,parliament,danger,trouble,10/28/1690,Letter
480,Viscount Tarbat,Lord Melville,Edinburgh,55.948889,-3.190556,London,51.50673486,-0.120836463,Bellenden,vessel,Holland,enemies,family,,10/28/1690,Letter
481,Viscount Tarbat,Lord Melville,Edinburgh,55.948889,-3.190556,London,51.50673486,-0.120836463,ecclesiastics,highlands,presbyterian,Scotland,England,,10/30/1690,Letter
482,Viscount Tarbat,Lord Melville,Edinburgh,55.948889,-3.190556,London,51.50673486,-0.120836463,letters,Bellenden,murder,family,,,10/30/1690,Letter
483,Earl of Crawford,Lord Melville,Edinburgh,55.948889,-3.190556,London,51.50673486,-0.120836463,Carstares,England,Glasgow,Dumfries,bishoprics,Mackay,11/1/1690,Letter
484,Lord Cardross,Lord Melville,Edinburgh,55.948889,-3.190556,London,51.50673486,-0.120836463,General Assembly,enemies,Glasgow,St. Andrews,Mackay,London,11/1/1690,Letter
485,Lord Carmichaell,Lord Melville,Edinburgh,55.948889,-3.190556,London,51.50673486,-0.120836463,General Assembly,piety,King,judgement,,,11/1/1690,Letter
486,Viscount Tarbat,Lord Melville,Edinburgh,55.948889,-3.190556,London,51.50673486,-0.120836463,Colonel Hill,highlands,Argyll,Inverlochy,Mackay,Mull,11/1/1690,Letter
487,Lord Carmichaell,Lord Melville,Edinburgh,55.948889,-3.190556,London,51.50673486,-0.120836463,General Assembly,proceedings,servant,,,,11/6/1690,Letter
488,Viscount Tarbat,Lord Melville,Edinburgh,55.948889,-3.190556,London,51.50673486,-0.120836463,Lady Mary MacDonald,starving,condition,friends,Skye,,11/6/1690,Letter
489,Viscount Tarbat,Lord Melville,Edinburgh,55.948889,-3.190556,London,51.50673486,-0.120836463,Colonel Hill,highlands,garrison,General Assembly,Seaforth,,11/8/1690,Letter
490,The General Assembly,King William,Edinburgh,55.948889,-3.190556,-,,,church,General Assembly,gospel,highlands,popery,God,11/12/1690,Letter
491,Lord Carmichaell,Lord Melville,Edinburgh,55.948889,-3.190556,London,51.50673486,-0.120836463,General Assembly,Edinburgh,committee,presbyterian,government,Carstares,11/14/1690,Letter
492,Viscount Tarbat,Lord Melville,Edinburgh,55.948889,-3.190556,London,51.50673486,-0.120836463,reform,church,regiment,government,God,,11/14/1690,Letter
493,Earl of Crawford,Lord Melville,Edinburgh,55.948889,-3.190556,London,51.50673486,-0.120836463,General Assembly,presbyterian,King,Lady Mary MacDonald,,,11/15/1690,Letter
494,Lord Carmichaell,Lord Melville,Edinburgh,55.948889,-3.190556,London,51.50673486,-0.120836463,Carstares,account,service,moderator,,,11/15/1690,Letter
495,Lord Cardross,Lord Melville,Edinburgh,55.948889,-3.190556,London,51.50673486,-0.120836463,Carstares,presbyterians,enemies,Mackay,Stirling Castle,treasury,11/15/1690,Letter
496,Earl of Crawford,Lord Melville,Edinburgh,55.948889,-3.190556,London,51.50673486,-0.120836463,Morton,Orkney,Captain Bruce,Edinburgh,Claim of Right,,11/18/1690,Letter
497,Earl of Crawford,Lord Melville,Edinburgh,55.948889,-3.190556,London,51.50673486,-0.120836463,colleges,judges,principals,university,,,11/20/1690,Letter
498,Earl of Crawford,Lord Melville,Edinburgh,55.948889,-3.190556,London,51.50673486,-0.120836463,Bruce,Berwick,Claim of right,Glasgow,Inverlochy,Colonel Hill,11/22/1690,Letter
499,Earl of Argyll,Lord Melville,Edinburgh,55.948889,-3.190556,London,51.50673486,-0.120836463,post,London,Morton,,,,11/25/1690,Letter
500,Earl of Crawford,Lord Melville,Edinburgh,55.948889,-3.190556,London,51.50673486,-0.120836463,Argyll,Isles,Highlands,Colonel Hill,,,11/15/1690,Letter
501,The Privy Council,King William,Edinburgh,55.948889,-3.190556,London,51.50673486,-0.120836463,Captain Bruce,Edinburgh,discovery,,,,12/2/1690,Letter
502,Viscount Tarbat,Lord Melville,Edinburgh,55.948889,-3.190556,London,51.50673486,-0.120836463,Archibald Sinclair,Bargeny,parliament,,,,12/4/1690,Letter
503,Earl of Crawford,Lord Melville,Edinburgh,55.948889,-3.190556,London,51.50673486,-0.120836463,church,family,bishoprics,Carstares,King,Thomas Livingston,12/4/1690,Letter
504,Duchess of Queensberry,Lord Melville,Edinburgh,55.948889,-3.190556,London,51.50673486,-0.120836463,miserable,parent,favor,,,,12/4/1690,Letter
505,Earl of Nottingham,-,Whitehall,51.504444,-0.125556,-,,,Neville Payne,information,K. James,London,Scotland,,12/6/1690,Declaration
506,Earl of Annandale,-,London,51.50673486,-0.120836463,-,,,Annandale,papers,K. James,Edinburgh Castle,Melville,,12/6/1690,Declaration
507,Earl of Crawford,Lord Melville,Edinburgh,55.948889,-3.190556,London,51.50673486,-0.120836463,Neville Payne,torture,evidence,religion,Holland,,12/11/1690,Letter
508,Sir Thomas Livingston,Lord Melville,Edinburgh,55.948889,-3.190556,London,51.50673486,-0.120836463,King,Inverlochy,Colonel Hill,provisions,garrison,security,12/16/1690,Letter
509,Viscount Tarbat,Lord Melville,Edinburgh,55.948889,-3.190556,London,51.50673486,-0.120836463,Colonel Hill,Lochiel,highlanders,Inverlochy,climate,presbytery,12/18/1690,Letter
510,Duchess of Hamilton,Lord Melville,Holyrood House,55.952499,-3.1725,London,51.50673486,-0.120836463,son,health,bail,,,,12/19/1690,Letter
511,Viscount Tarbat,Lord Melville,Edinburgh,55.948889,-3.190556,London,51.50673486,-0.120836463,highlands,Colonel Hill,indemnity,enemies,war,Scotland,12/19/1690,Letter
512,Earl of Crawford,Lord Melville,Edinburgh,55.948889,-3.190556,London,51.50673486,-0.120836463,secrecy,money,missing,Perth,,,12/23/1690,Letter
513,Earl of Cassillis,Lord Melville,Edinburgh,55.948889,-3.190556,London,51.50673486,-0.120836463,treasury,Stirling,Mar,difficulty,,,12/27/1690,Letter
514,Viscount Tarbat,Lord Melville,Edinburgh,55.948889,-3.190556,London,51.50673486,-0.120836463,King,service,abroad,comissions,,,12/30/1690,Letter
515,Sir William Anstruther,Lord Melville,Edinburgh,55.948889,-3.190556,London,51.50673486,-0.120836463,London,prestonhall,Ross,pamphlets,,,12/30/1690,Letter
516,The Privy Council,King William,Edinburgh,55.948889,-3.190556,Hague,52.078663,4.288788,Neville Payne,prisoner,Edinburgh Castle,trial,,,1/6/1691,Letter
517,Earl of Crawford,Lord Melville,Edinburgh,55.948889,-3.190556,London,51.50673486,-0.120836463,army,Cassillis,exchequor,bishoprics,Carstares,,1/10/1691,Letter
518,Duke of Hamilton,Lord Melville,Holyrood House,55.952499,-3.1725,London,51.50673486,-0.120836463,Scotland,council,King,,,,1/29/1691,Letter
519,Viscount Tarbat,Lord Melville,-,,,London,51.50673486,-0.120836463,clergy,God,nation,division,,,2/12/1691,Letter
520,Sir John Dalrymple,Lord Melville,Hague,52.078663,4.288788,London,51.50673486,-0.120836463,Scotland,news,General Assembly,episcopacy,presbytery,season,2/13/1691,Letter
521,Sir John Dalrymple,Lord Melville,Hague,52.078663,4.288788,London,51.50673486,-0.120836463,parliament,King,Livingston,army,regiment,,2/20/1691,Letter
522,Earl of Crawford,Lord Melville,Edinburgh,55.948889,-3.190556,London,51.50673486,-0.120836463,church,ministers,God,enemies,Perth,King,2/28/1691,Letter
523,Viscount Tarbat,Mr. James Melville,Edinburgh,55.948889,-3.190556,London,51.50673486,-0.120836463,French,liars,Leven,Raith,,,3/20/1691,Letter
524,Earl of Crawford,Lord Melville,Edinburgh,55.948889,-3.190556,London,51.50673486,-0.120836463,John Blair,William Mein,letters,security,informer,church,3/21/1691,Letter
525,Earl of Crawford,Lord Melville,Edinburgh,55.948889,-3.190556,London,51.50673486,-0.120836463,execution,Holland,King,quiet,,,3/28/1691,Letter
526,Earl of Crawford,Lord Melville,Edinburgh,55.948889,-3.190556,London,51.50673486,-0.120836463,Perth,Wigton,prisoner,France,money,service,3/31/1691,Letter
527,Sir Thomas Livingston,Lord Melville,Edinburgh,55.948889,-3.190556,London,51.50673486,-0.120836463,french invasion,borders,provisions,Inverlochy,letters,,4/2/1691,Letter
528,Earl of Crawford,Lord Melville,Edinburgh,55.948889,-3.190556,London,51.50673486,-0.120836463,church,arms,episcopal,enemies,presbyterian,General Assembly,4/14/1691,Letter
529,Duke of Hamilton,Lord Melville,Holyrood House,55.952499,-3.1725,London,51.50673486,-0.120836463,King,return,London,,,,4/18/1691,Letter
530,Sir Thomas Livingston,Lord Melville,Edinburgh,55.948889,-3.190556,London,51.50673486,-0.120836463,Holland,ammunition,abroad,Inverlochy,Colonel Hill,letters,4/21/1691,Letter
531,Earl of Crawford,Lord Melville,Edinburgh,55.948889,-3.190556,London,51.50673486,-0.120836463,King,Edinburgh,church,Lockhart,secrecy,whispers,4/25/1691,Letter
532,The Privy Council,Lord Melville and Master of Stair,Edinburgh,55.948889,-3.190556,London,51.50673486,-0.120836463,nomination,Colonel Hill,servant,,,,4/28/1691,Letter
533,The Lords of the Treasury,Lord Melville and Master of Stair,Edinburgh,55.948889,-3.190556,London,51.50673486,-0.120836463,council,kingdom,Slezer,provisions,army,pay,4/30/1691,Letter
534,Colonel Hill,Lord Melville,Inverlochie,56.82621503,-5.075268032,London,51.50673486,-0.120836463,Duart Castle,highlands,France,Ireland,Edinburgh,Lamb,5/1/1691,Letter
535,Colonel Hill,Lord Melville,Inverlochie,56.82621503,-5.075268032,London,51.50673486,-0.120836463,Highlanders,Duart Castle,Jacobites,France,Ireland,weather,5/12/1691,Letter
536,Colonel Hill,Viscount Tarbat,Inverlochie,56.82621503,-5.075268032,York,53.95763,-1.08271,highlanders,Livingston,France,Ireland,Glencoe,Gordon,5/12/1691,Letter
537,Colonel Hill,Lord Melville,Inverlochie,56.82621503,-5.075268032,London,51.50673486,-0.120836463,letters,council,highlanders,Lochiel,fortifications,,5/15/1691,Letter
538,Sir John Dalrymple,Lord Melville,London,51.50673486,-0.120836463,Whitehall,51.504444,-0.125556,Hamilton of Halsyd,secretary depute,communicate,,,,5/22/1691,Letter
539,Viscount Tarbat,Lord Melville,Ferrybridge,53.7106,-1.2795,London,51.50673486,-0.120836463,reprieve,son,Raith,security,,,5/23/1691,Letter
540,Earl of Arran,Lord Raith,Arran,55.57351,-5.25333,Edinburgh,55.948889,-3.190556,Colonel Hill,enemies,Edinburgh Castle,invasion,Ireland,France,5/25/1691,Letter
541,Viscount Tarbat,Lord Melville,York,53.95763,-1.08271,London,51.50673486,-0.120836463,Colonel Hill,King,country,,,,5/25/1691,Letter
542,Sir Thomas Livingston,Lord Melville,Edinburgh,55.948889,-3.190556,London,51.50673486,-0.120836463,Queen,Stair,prisoners,Edinburgh Castle,Jacobites,invasion,5/28/1691,Letter
543,Colonel Hill,Lord Melville,Inverlochie,56.82621503,-5.075268032,London,51.50673486,-0.120836463,highlanders,arms,Mull,Atholl,Lochiel,Skye,6/3/1691,Letter
544,Earl of Crawford,Lord Melville,Edinburgh,55.948889,-3.190556,London,51.50673486,-0.120836463,letters,health,indisposed,,,,6/4/1691,Letter
545,Viscount Tarbat,Lord Melville,Edinburgh,55.948889,-3.190556,London,51.50673486,-0.120836463,Breadalbane,London,danger,service,Ireland,,6/4/1691,Letter
546,Sir John Dalrymple,Lord Melville,Brussells,50.846667,4.3525,London,51.50673486,-0.120836463,King,ministers,Duke of Berwick,Scotland,French army,,6/8/1691,Letter
547,Colonel Hill,Earl of Leven,Inverlochie,56.82621503,-5.075268032,Edinburgh,55.948889,-3.190556,French fleet,Skye,Berwick,Ireland,Mull,intelligence,6/9/1691,Letter
548,Sir Thomas Livingston,Lord Melville,Edinburgh,55.948889,-3.190556,London,51.50673486,-0.120836463,Arran,prison,french frigates,provisions,,,6/13/1691,Letter
549,Sir Thomas Livingston,Lord Melville,Edinburgh,55.948889,-3.190556,London,51.50673486,-0.120836463,French fleet,Skye,provisions,highlanders,Breadalbane,Bass,6/16/1691,Letter
550,Colonel Hill,Lord Melville,Inverlochie,56.82621503,-5.075268032,London,51.50673486,-0.120836463,intelligence,Isle Donan,Skye,highlanders,frigates,,6/18/1691,Letter
551,The Privy Council,Lord Melville,Edinburgh,55.948889,-3.190556,London,51.50673486,-0.120836463,Pembroke,Clyde,troublesome,obedience,Pottinger,,6/18/1691,Letter
552,Sir John Dalrymple,Lord Melville,Genbleur,50.5583,4.69691,London,51.50673486,-0.120836463,King,Argyll,correspondence,broken,service,,6/19/1691,Letter
553,The Privy Council,Lord Melville,Edinburgh,55.948889,-3.190556,London,51.50673486,-0.120836463,Pembroke,French privateer,kingdom,Clyde,coasts,,6/23/1691,Letter
554,Colonel Hill,Lord Melville,Inverlochie,56.82621503,-5.075268032,London,51.50673486,-0.120836463,Breadalbane,highlands,Lochiel,rebellion,Buchan,garrison,6/26/1691,Letter
555,Earl of Crawford,Lord Melville,Edinburgh,55.948889,-3.190556,London,51.50673486,-0.120836463,Perth,health,Flanders,Ireland,bishopric,,7/2/1691,Letter
556,Viscount Tarbat,Lord Melville,Edinburgh,55.948889,-3.190556,London,51.50673486,-0.120836463,Church,Christians,protestants,,,,7/16/1691,Letter
557,Duke of Hamilton,Lord Melville,Holyrood House,55.952499,-3.1725,London,51.50673486,-0.120836463,Irish army,borders,highlands,Livingston,Colonel Hill,Breadalbane,7/21/1691,Letter
558,Earl of Crawford,Lord Melville,Edinburgh,55.948889,-3.190556,London,51.50673486,-0.120836463,Lockhart,church,parliament,presbytery,,,7/23/1691,Letter
559,Sir John Dalrymple,Sir Thomas Livingston,Gerpines,50.3361205,4.529368055,London,51.50673486,-0.120836463,troops,borders,highlands,hostility,,,7/23/1691,Letter
560,Viscount Tarbat,Lord Melville,Edinburgh,55.948889,-3.190556,London,51.50673486,-0.120836463,Colonel Hill,soldiers,Inverlochy,peace,France,,7/25/1691,Letter
561,Viscount Tarbat,Lord Melville,Edinburgh,55.948889,-3.190556,London,51.50673486,-0.120836463,treasury,precept,King,Lockhart,,,7/28/1691,Letter
562,The Privy Council,Queen Mary,Edinburgh,55.948889,-3.190556,Whitehall,51.504444,-0.125556,borders,highlands,Duke of Leinster,rebels,Inverlochy,Glasgow,7/29/1691,Letter
563,Duke of Hamilton,Lord Melville,Edinburgh,55.948889,-3.190556,London,51.50673486,-0.120836463,Colonel Hill,Livingston,prisoners,,,,7/29/1691,Letter
564,Lord Melville,Sir John Dalrymple,Whitehall,51.504444,-0.125556,-,,,Argyll,news,Scotland,Perth,Livingston,Breadalbane,7/1/1691,Letter
565,The Privy Council,Lord Melville,Edinburgh,,,London,51.50673486,-0.120836463,Livingston,forces,kingdom,,,,8/3/1691,Letter
566,Duke of Hamilton,Lord Melville,Holyrood House,55.952499,-3.1725,London,51.50673486,-0.120836463,Queen,army,Stair,Berwick,Nottingham,,8/3/1691,Letter
567,Earl of Nottingham,Lord Melville,Whitehall,51.504444,-0.125556,London,51.50673486,-0.120836463,Queen,horses,Yorkshire,peace,,,8/4/1691,Letter
568,Sir Thomas Livingston,Lord Melville,Edinburgh,55.948889,-3.190556,Whitehall,51.504444,-0.125556,King,Flanders,enemies,Breadalbane,Mackay,highlanders,8/4/1691,Letter
569,Lord Melville,The Privy Council,Whitehall,51.504444,-0.125556,Edinburgh,,,Queen,Hill,Livingston,Leinster,forces,Scotland,8/4/1691,Letter
570,Viscount Tarbat,Lord Melville,Edinburgh,55.948889,-3.190556,London,51.50673486,-0.120836463,son,imprisoned,K. James,Leven,,,8/20/1691,Letter
571,Colonel Arrott,Earl of Leven,Inverness,57.47713043,-4.223266437,Edinburgh,55.948889,-3.190556,battalion,fortifications,treasury,church,,,8/21/1691,Letter
572,Colonel Hill,Lord Raith,Inverlochie,56.82621503,-5.075268032,Edinburgh,55.948889,-3.190556,Mr Gillis,cover,affairs,,,,8/22/1691,Letter
573,Sir John Dalrymple,Lord Melville,Mesti,49.07513805,3.493512916,London,51.50673486,-0.120836463,treasury,French,march,Loo,Hague,,8/27/1691,Letter
574,The Privy Council,Lord Melville,Edinburgh,55.948889,-3.190556,London,51.50673486,-0.120836463,Livingston,Bass,Stair,,,,8/29/1691,Letter
575,Duke of Hamilton,Lord Melville,Holyrood House,55.952499,-3.1725,London,51.50673486,-0.120836463,letters,council,adjourned,,,,8/29/1691,Letter
576,Viscount Tarbat,Lord Melville,Edinburgh,55.948889,-3.190556,London,51.50673486,-0.120836463,French,friends,falsehoods,K. James,Breadalbane,,8/29/1691,Letter
577,Lord Polwarth,Lord Melville,Edinburgh,55.948889,-3.190556,London,51.50673486,-0.120836463,King,parliament,indemnity,,,,8/29/1691,Letter
578,Duke of Hamilton,Lord Melville,Hamilton,55.77759588,-4.051868384,London,51.50673486,-0.120836463,Breadalbane,Hill,highlanders,France,presbyterians,enemies,9/11/1691,Letter
579,Sir Thomas Livingston,Earl of Leven,Edinburgh,55.948889,-3.190556,London,51.50673486,-0.120836463,Maxwell,Fife,highlanders,theifs,,,9/11/1691,Letter
580,Viscount Tarbat,Lord Melville,Edinburgh,55.948889,-3.190556,London,51.50673486,-0.120836463,Raith,church,peace,,,,9/19/1691,Letter
581,Duke of Hamilton,Lord Melville,Hamilton,55.77759588,-4.051868384,London,51.50673486,-0.120836463,Edinburgh,King,London,,,,10/5/1691,Letter
582,Earl of Bredalbane,Colonel Hill,Bellich,56.84435,-5.20045,Inverlochie,56.82621503,-5.075268032,Flanders,gossip,letters,Hill,,,10/10/1691,Letter
583,Duke of Hamilton,Lord Melville,Crawford,55.47083,-3.65207,London,51.50673486,-0.120836463,King,journey,winter,favor,,,10/14/1691,Letter
584,Colonel Hill,Earl of Bredalbane,Inverlochie,56.82621503,-5.075268032,Edinburgh,55.948889,-3.190556,garrison,service,highlands,K. James,Buchan,,10/17/1691,Letter
585,Colonel Hill,Lord Raith,Inverlochie,56.82621503,-5.075268032,Edinburgh,55.948889,-3.190556,Canon,K. James,Highland clans,Berwick,Gordon,,10/29/1691,Letter
586,Duke of Hamilton,Lord Melville,Hamilton,55.77759588,-4.051868384,London,51.50673486,-0.120836463,King,peace,Carmichael,Stair,,,11/2/1691,Letter
587,Lord Polwarth,Lord Melville,Edinburgh,55.948889,-3.190556,London,51.50673486,-0.120836463,treasury,parliament,news,,,,11/20/1691,Letter
588,Duke of Hamilton,Lord Melville,Holyrood House,55.952499,-3.1725,London,51.50673486,-0.120836463,stranger,scots affairs,Livingston,highlanders,,,12/26/1691,Letter