From Type,From Place,From Name,Edge Type,To Type,,To Name,Date,Weight,,
Person,Stirling Castle,Perth,Letter,Person,,Countess Errol,"1688, Dec 29",1,Perth Letters,
Person,Stirling Castle,Perth,Letter,Person,,Melfort,"1688, Dec 31",1,Perth Letters,
Person,Stirling Castle,Perth,Letter,Person,,Countess Errol,"1689, Jan 13",1,Perth Letters,
Person,Edinburgh,Perth,Letter,Person ,,Atholl,"1688, Oct 16",1,Atholl Letters,
Person,Edinburgh,Marchioness of Atholl,Letter,Person ,London,Lord Murray,"1689, Jan 3",1,Atholl Letters,
Person,London,Robert Murray,Letter,Person ,,Marquis Atholl,"1689, March 5",1,Atholl Letters,
Person,Perth,Unknown,Letter,Person ,London,Lord Murray,"1689, May 2",1,Atholl Letters,
Person,Calvin,Do. Robertson,Letter,Person ,,Alexander Robertson of Strowan,"1689, May 25",1,Atholl Letters,
Person,Cari,Mari Baillie,Letter,Person ,London,Lord Murray,"1689, May 29",1,Atholl Letters,
Person,Holyrood House,Hamilton,Letter,Person ,,Lord Murray,"1689, May 30",1,Atholl Letters,
Person,,Haldane of Gleneagles,Letter,Person ,,Lord Murray,"1689, June 16",1,Atholl Letters,
Person,,Haldane of Gleneagles,Letter,Person ,,Lord Murray,"1689, June 21",1,Atholl Letters,
Person,,Haldane of Gleneagles,Letter,Person ,,Lord Murray,"1689, June 30",1,Atholl Letters,
Person,Stroan,Dundee,Letter,Group,,Leonard Robertson of Strathloch; John Robertson of Blatton,"1689, July 10",1,Atholl Letters,
Person,,Leonard Robertson,Letter,Person ,,Lord Murray,"1689, July 14",1,Atholl Letters,
Person,Stirling,Mackay,Letter,Person ,,Lord Murray,"1689, July 25",1,Atholl Letters,
Person,,Patrick Stuart of Ballechin,Letter,Person ,,Lord Murray,"1689, July 25",1,Atholl Letters,
Person,Perth,Unknown,Letter,Person ,,Lord Murray,"1689, July 26",1,Atholl Letters,
Person,Dunkeld,Mackay,Letter,Person ,,Lord Murray,"1689, July 26",1,Atholl Letters,
Person,Blair Castle,Patrick Stuart of Ballechin,Letter,Person ,,Lord Murray,"1689, July 27",1,Atholl Letters,
Person,Tullimet,Lord Murray,Letter,Person ,,Lord James Murray of Dowally,"1689, July 28",1,Atholl Letters,
Person,Tullimet,Thomas Stuart of Stenton,Letter,Person ,,Lord Murray,"1689, July 29",1,Atholl Letters,
Person,Chesthill,R. Campbell of Glenlyon,Letter,Person ,,Lord Murray,"1689, July 29",1,Atholl Letters,
Person,St. Johnston,Mackay,Letter,Person ,,Lord Murray,"1689, Aug 4",1,Atholl Letters,
Person,,Lord Murray,Letter,Person ,,James Stewart of Kinrorie,"1689, Aug 6",1,Atholl Letters,
Person,Binvrakkie,Leonard Robertson,Letter,Person ,,Lord Murray,"1689, Aug 7",1,Atholl Letters,
Person,Dunkeld,C. Graham,Letter,Person ,,Marchioness of Atholl,"1689, Aug 7",1,Atholl Letters,
Person,Balgarie,John Robertson,Letter,Person ,,Lord Murray,"1689, Aug 8",1,Atholl Letters,
Person,Foulis,Patrick Moray of Ochertyre,Letter,Person ,,Lord Murray,"1689, Sep 3",1,Atholl Letters,
Person,,Lord Murray,Letter,Person ,,Unknown,"1689, May 29",1,Atholl Letters,
Group,Edinburgh,"Perth, Dumbarton, Tarbat",Letter,Person,,Mar,"1688, May 23",1,Kellie and Mar Papers,
Person,Edinburgh,Perth,Letter,Person,,Mar,"1688, Aug 15",1,Kellie and Mar Papers,
Person,Edinburgh,Perth,Letter,Person,,Mar,"1688, Oct 31",1,Kellie and Mar Papers,
Organization,Edinburgh,Privy Council ,Letter,Person,,Mar,"1688, Nov 16",1,Kellie and Mar Papers,
Organization,Edinburgh,Privy Council ,Order,Person,,Mar,"1688, Nov 28",1,Kellie and Mar Papers,
Person,,Arthur Forbes of Brux,Letter,Person,,Mar,c.1688,1,Kellie and Mar Papers,
Person,St. James,King William,Letter,Person,,Mar,"1689, Feb 5",1,Kellie and Mar Papers,
Organization,Edinburgh,Estates of Scotland,Order,Person,,Mar,"1689, April 12",1,Kellie and Mar Papers,
Person,Dumfries,Annandale,Letter,Person,,Lord Chancellor Perth,"1688, June 29",1,Annandale Papers,
Person,Elgin,Mackay,Order,Person,,Commander Colonel Langton's regiment,"1689, May 8",1,Annandale Papers,
Group,Birss,Highland Chieftains,Letter,Person,,Mackay,"1689, Aug 17",1,Annandale Papers,
Person,London,John Dalrymple,Letter,Person,,Thomas Livingston,"1691, April 28",1,Annandale Papers,
Person,London,John Dalrymple,Letter,Person,,Thomas Livingston,"1691, May 4",1,Annandale Papers,
Person,London,John Dalrymple,Letter,Person,,Thomas Livingston,"1691, May 6",1,Annandale Papers,
Person,,William Hamilton of Whitelaw,Letter,Person,,Annandale,"1691, July 9",1,Annandale Papers,
Person,,Unknown,Letter,Person,,Unknown,"1691, July 14",1,Annandale Papers,
Person,,William Hamilton of Whitelaw,Letter,Person,,Annandale,"1691, July 30",1,Annandale Papers,
Person,,Unknown,Letter,Person,Bath,Annandale,"1691, Aug 1",1,Annandale Papers,
Person,,Unknown,Letter,Person,Bath,Annandale,"1691, Aug 3",1,Annandale Papers,
Person,,William Hamilton of Whitelaw,Letter,Person,Bath,Annandale,"1691, August 6",1,Annandale Papers,
Person,,Alexander Johnstone,Letter,Person,Bath,Annandale,"1691, Aug 7",1,Annandale Papers,
Person,,Alexander Johnstone,Letter,Person,,Annandale,"1692, Oct 25",1,Annandale Papers,
Person,Westminster,John Fairholme of Craigiehall,Letter,Person,,Annandale,"1692, Dec 1",1,Annandale Papers,
Person,Edinburgh,Archibald Sinclair,Letter,Person,,Annandale,"1692, Feb 23",1,Annandale Papers,
Person,,John Dalrymple,Letter,Person,,Sir Patrick Murray,"1692, Feb 27",1,Annandale Papers,
Person,,Dundee,Letter,Person,,Dunfermline,"1689, April 21",1,"NRS - Montgomerie Family, Earls of Eglington",
Person,Stroan,Dundee,Letter,Person,,Breadalbane,"1689, July 20",1,"NRS - Campbell Family, Earls of Breadalbane",
Person,Brechin,Dundee,Letter,Person,,Laird of Mackintosh,"1689, April 24",1,NRS - Family of Mackintosh,
Person,Dublin Castle,King James,Letter,Person,,Dundee,"1689, May 17",1,NRS - State Papers Miscellanea,
Person,,Dunfermline,Letter,Person,,Melfort,"1689, Aug 29",1,"NRS - Montgomerie Family, Earls of Eglington",
Person,,Breadalbane,Letter,Person,,Perth,c.1687-1691,1,"NRS - families of Moray of Abercairny, Drummond of Blair Drummond, Home of Kames, and Stirling of Ardoch",
Person,,C. Campbell,Letter,Person,,Perth,c.1687-1691,1,"NRS - families of Moray of Abercairny, Drummond of Blair Drummond, Home of Kames, and Stirling of Ardoch",
Person,,Kilbride,Letter,Person,,Perth,c.1687-1691,1,"NRS - families of Moray of Abercairny, Drummond of Blair Drummond, Home of Kames, and Stirling of Ardoch",
Person,St. Germaine,Wigtown,Letter,Person,,Perth,"1691, Sep 7",1,"NRS - families of Moray of Abercairny, Drummond of Blair Drummond, Home of Kames, and Stirling of Ardoch",
Person,Inverary,Argyll,Letter,Person,,Dugal Campbell of Melfort,"1691, Jul 8",1,NRS - Papers of Society of Antiquaries of Scotland,
Person,,George Drummond,Petition,Organization,Edinburgh,Privy Council,"1689, Mar 30",1,"NRS - families of Moray of Abercairny, Drummond of Blair Drummond, Home of Kames, and Stirling of Ardoch",
Person,,Unknown,Letter,Person,,Your Grace,"1691, Jul 2",1,"NRS - families of Moray of Abercairny, Drummond of Blair Drummond, Home of Kames, and Stirling of Ardoch",
Person,,"Marie, Countess of Perth",Petition,Person,,Unknown,c. 1692,1,"NRS - families of Moray of Abercairny, Drummond of Blair Drummond, Home of Kames, and Stirling of Ardoch",
Person,Edinburgh,Perth,Letter,Person,Edinburgh Castle,Mar,"1688, May 21",1,"NRS - families of Moray of Abercairny, Drummond of Blair Drummond, Home of Kames, and Stirling of Ardoch",
Person,Edinburgh,Perth,Letter,Person,,Mar,"1688, Aug 15",1,NRS - Earls of Mar and Kellie,
Person,Edinburgh,Perth,Letter,Person,,Mar,"1688, Oct 1",1,NRS - Earls of Mar and Kellie,
Person,Edinburgh,Perth,Letter,Person,,Mar,"1688, Oct 15",1,NRS - Earls of Mar and Kellie,
Person,Edinburgh,Perth,Letter,Person,,Mar,"1688, Oct 19",1,NRS - Earls of Mar and Kellie,
Person,Edinburgh,Perth,Letter,Person,,Mar,"1688, Oct 31",1,NRS - Earls of Mar and Kellie,
Person,London,William Bennett,Letter,Person,London,Robert Boyle,1689,1,NRS - Papers of the Ogilvy family of Inverquharity,
Person,London,William Bennett,Letter,Person,London,William Bruce,1689,1,NRS - Papers of the Ogilvy family of Inverquharity,
Person,London,William Bennett,Letter,Person,London,William Bruce,1690,1,NRS - Papers of the Ogilvy family of Inverquharity,
Person,London,William Bennett,Letter,Person,Glasgow,Robert Macky,1690,2,NRS - Papers of the Ogilvy family of Inverquharity,
Person,London,William Bennett,Letter,Person,,Helen Maxwell,1690,1,NRS - Papers of the Ogilvy family of Inverquharity,
Person,London,William Bennett,Letter,Person,Edinburgh,John Aitkine,1692,2,NRS - Papers of the Ogilvy family of Inverquharity,
Person,Edinburgh,George Drummond,Letter,Person,,Breadalbane,"1691, Dec 19",1,NRS - Breadalbane Correspondence,
Person,,Breadalbane,Letter,Person,,Carwhin,1690 Feb,1,NRS - Breadalbane Correspondence,
Person,Achmor,Breadalbane,Letter,Person,,Carwhin,1690 Dec,1,NRS - Breadalbane Correspondence,
Person,,Breadalbane,Letter,Person,,Atholl,undated,1,NRS - Breadalbane Correspondence,
Person,Balloch,John Campbell of Invergeldie,Letter,Person,,Breadalbane,"1688, Dec 3",1,"NRS - Papers of the family of Campbell of Balliveolan, Argyll",
Person,,Breadalbane,Letter,Person,,Alexander Campbell of Barcaldine,"1692, May 26",1,NRS - Papers of the Mackay family of Bighouse,
Person,,Breadalbane,Representation,Person,,Unknown,1692,1,NRS - Yule Collection,"Representation by the Earl of Breadalbane narrating that consequent on the alarm in April 1691 of the invasion of Scotland from Ireland he proceeded to the highlands on the Queen's instructions where he arranged with the chieftains of the clans and King James's officers for their non-belligerency and received £12,000 to be disbursed in the negotiations, that the highlanders delaying at that time to accept the same £10,000 was returned to the Treasury, and the balance retained by him to meet his expenses, but Secretary Stair `in September last' assumes that the money was not returned, wherefore the Earl has resolved to attend the King at London to clear himself of `that false and unjust calumny,' obtain royal approbation of his actings `and attend the post your Majesty has honoured me with'"
Person,,Carwhin,Letter,Person,,Breadalbane,"1688, Jan 4",1,NRS - Breadalbane Correspondence,
Person,Balloch,Breadalbane,Letter,Person,Edinburgh,Mr. Hamilton,"1688, Jan 9",1,NRS - Breadalbane Correspondence,
Person,Edinburgh,Carwhin,Letter,Person,,Breadalbane,"1688, Feb 11",1,NRS - Breadalbane Correspondence,
Person,Edinburgh,Carwhin,Letter,Person,,Breadalbane,"1688, Feb 16",1,NRS - Breadalbane Correspondence,
Person,Balloch,Breadalbane,Letter,Person,Glenurchy,Duncan Campbell,"1688, Mar 16",2,NRS - Breadalbane Correspondence,
Person,London,John Campbell of Mamore,Letter,Person,,Breadalbane,"1688, Mar 17",1,NRS - Breadalbane Correspondence,
Person,Balloch,Breadalbane,Letter,Person,Glenurchy,Duncan Campbell,"1688, Mar 20",1,NRS - Breadalbane Correspondence,
Person,Wellbeck,Newcastle,Letter,Person,,Breadalbane,"1688, April 24",1,NRS - Breadalbane Correspondence,
Person,Edinburgh,David Forbes,Letter,Person,,Breadalbane,"1688, April 30",1,NRS - Breadalbane Correspondence,
Person,Edinburgh,Archbishop of St. Andrews,Letter,Person,,Breadalbane,"1688, May 3",1,NRS - Breadalbane Correspondence,
Person,,Atholl ,Letter,Person,,Breadalbane,"1688, May 3",1,NRS - Breadalbane Correspondence,
Person,Castle Ackergill,Glenorchy,Letter,Person,,Breadalbane,"1688, May 4",1,NRS - Breadalbane Correspondence,
Person,Langwell,Sir W Dunbar,Letter,Person,,Breadalbane,"1688, May 6",1,NRS - Breadalbane Correspondence,
Person,Kilbryd,Colin Campbell,Letter,Person,,Breadalbane,"1688, May 13",1,NRS - Breadalbane Correspondence,
Person,Wellbeck,Newcastle,Letter,Person,,Breadalbane,"1688, May 18",1,NRS - Breadalbane Correspondence,"Duchess Albermarle daughter, jamaica"
Person,Ackergill,Glenorchy,Letter,Person,,Breadalbane,"1688, May 26",1,NRS - Breadalbane Correspondence,
Person,Week,Sir W Dunbar,Letter,Person,,Breadalbane,"1688, May 26",1,NRS - Breadalbane Correspondence,
Person,Hamilton,Duchess Hamilton,Letter,Person,,Breadalbane,"1688, May 27",1,NRS - Breadalbane Correspondence,
Person,Newbattell,Lothian,Letter,Person,,Breadalbane,"1688, Jun 1",1,NRS - Breadalbane Correspondence,
Person,Finlarg,Breadalbane,Letter,Person,Edinburgh,Mr. Hamilton,"1688, Jun 14",1,NRS - Breadalbane Correspondence,
Person,Edinburgh,Carwhin,Letter,Person,,Breadalbane,"1688, Jul 7",1,NRS - Breadalbane Correspondence,
Person,Milton,Mungo Campbell,Letter,Person,,Breadalbane,"1688, Jul 26",1,NRS - Breadalbane Correspondence,
Person,Shian,Charles Menzies,Letter,Person,,Breadalbane,"1688, Jul 28",1,NRS - Breadalbane Correspondence,
Person,Grandtully,Jo. or An. Kippen,Letter,Person,,Breadalbane,"1688, Jul 30",1,NRS - Breadalbane Correspondence,
Person,Edinburgh,Carwhin,Letter,Person,,Breadalbane,"1688, Aug 10",1,NRS - Breadalbane Correspondence,
Person,Edinburgh,Carwhin,Letter,Person,,Breadalbane,"1688, Aug 18",1,NRS - Breadalbane Correspondence,
Person,Edinburgh,Perth,Letter,Person,,Breadalbane,"1688, Sep 22",1,NRS - Breadalbane Correspondence,
Person,Edinburgh,Perth,Letter,Person,,Breadalbane,"1688, Oct 1",1,NRS - Breadalbane Correspondence,
Person,Edinburgh,William Paterson,Letter,Person,,Breadalbane,"1688, Oct 2",1,NRS - Breadalbane Correspondence,
Person,Edinburgh,Breadalbane,Letter,Person,,Carwhin,"1688, Oct 18",1,NRS - Breadalbane Correspondence,
Person,Edinburgh,Perth,Letter,Person,,Breadalbane,"1688, Oct 19",1,NRS - Breadalbane Correspondence,
Person,Edinburgh,Perth,Letter,Person,,Breadalbane,"1688, Oct 31",1,NRS - Breadalbane Correspondence,
Person,Edinburgh,Perth,Letter,Person,,Breadalbane,"1688, Nov 13",1,NRS - Breadalbane Correspondence,
Person,Edinburgh,Perth,Letter,Person,,Breadalbane,"1688, Nov 14",1,NRS - Breadalbane Correspondence,
Organization,Edinburgh,Privy Council ,Recommendation,Person,,Breadalbane,"1688, Nov 15",1,NRS - Breadalbane Correspondence,
Person,Balloch,Breadalbane,Letter,Person,,Duncan Campbell,"1688, Dec 1",1,NRS - Breadalbane Correspondence,
Organization,Edinburgh,Privy Council ,Letter,Person,,King James,"1688, Dec 12",1,NRS - Breadalbane Correspondence,
Organization,Edinburgh,Privy Council ,Act,Organization,Edinburgh,Privy Council,"1688, Dec 14",1,NRS - Breadalbane Correspondence,"Extract act of Privy Council having authorised various members including Breadalbane, Edinburgh, to wait on the king, giving it as their opinion that a free parliament should be called for further securing the protestant religion, for establishing the laws and putting them into vigorous execution in Scotland"
Person,Edinburgh,John Dalrymple,Letter,Person,,Breadalbane,"1688, Dec 14",1,NRS - Breadalbane Correspondence,
Person,Balloch,Breadalbane,Letter,Person,Edinburgh,Mr. Hamilton,"1689, Mar 14",1,NRS - Breadalbane Correspondence,
Person,Edinburgh,Archibald Campbell,Letter,Person,,Breadalbane,"1689, Apr 23",1,NRS - Breadalbane Correspondence,
Person,Edinburgh,Argyll,Letter,Person,,Breadalbane,"1689, Apr 25",1,NRS - Breadalbane Correspondence,
Group,Finlarg,"Breadalbane, Lochinell, Inveraw",Letter,Person,,Barcaldine,"1689, Apr 30",1,NRS - Breadalbane Correspondence,
Person,Inverary,Duncan Campbell of Auchenbreck,Letter,Person,,Breadalbane,"1689, May 23",1,NRS - Breadalbane Correspondence,
Person,,"Elizabeth Talmash, Argyll's wife",Letter,Person,Inverary,Breadalbane,1689 May,1,NRS - Breadalbane Correspondence,Urges him to consider condition of their poor country; thinks they can defend it for a while until a force can be sent and she will endeavour to get this done on her arrival in Edinburgh; urges him to stay at Inveraray until he hears from her.
Person,Culchenna,J Cameron,Letter,Person,,Breadalbane,"1689, May 28",1,NRS - Breadalbane Correspondence,
Person,Castle Kelchurn,Breadalbane,Letter,Person,,Duncan Campbell,"1689, Jul 4",1,NRS - Breadalbane Correspondence,
Person,Stroan,Dundee,Letter,Person,,Breadalbane,undated,1,NRS - Breadalbane Correspondence,
Person,Blair Castle,Dunfermline,Letter,Person,,Breadalbane,"1689, Jul 29",1,NRS - Breadalbane Correspondence,
Person,Dunkeld,Canon,Letter,Person,,Breadalbane,undated,1,NRS - Breadalbane Correspondence,
Person,Dunkeld,"J McNaughton, ex sheriff depute Argyll",Letter,Person,,Breadalbane,"1689, Aug 2",1,NRS - Breadalbane Correspondence,"Has seen Munnivaird with a commission from recipient to their commanding officer; this most kindly embraced, and Lord Dunfermling and Brigadier Cannon are both willing to save recipient from Argyll's oppression, as soon as recipient gives an account to them; urges him to get ready to attend the king's standard.
Postscript intimates that Lord Dundee's brother has not come or writer would have sent recipient all letters between him and Dundee; writer will keep these for recipient; `till your lordship doe come heir we will want a generall'."
Person,Dunkeld,"McNaughton, brother-in-law",Letter,Person,,Breadalbane,"1689, Aug 2",1,NRS - Breadalbane Correspondence,
Person,Achnacoihine,Coll MackDonald,Letter,Person,,Breadalbane,"1689, Sep 8",1,NRS - Breadalbane Correspondence,
Person,Craig,Charles Campbell,Letter,Person,,Duncan Campbell,"1689, Sep 17",1,NRS - Breadalbane Correspondence,
Person,Balloch,Breadalbane,Letter,Person,,Duncan Campbell,"1689, Sep 23",1,NRS - Breadalbane Correspondence,
Person,Perth,Mackay,Letter,Person,,Breadalbane,"1689, Oct 7",1,NRS - Breadalbane Correspondence,
Person,Perth,Patrick Campbell,Letter,Person,,Duncan Campbell,"1689, Oct 29",1,NRS - Breadalbane Correspondence,
Person,,Breadalbane,Letter,Person,,Carwhin,"1689, Dec 2",1,NRS - Breadalbane Correspondence,
Person,,Breadalbane,Letter,Person,,Carwhin,Dec 1689,1,NRS - Breadalbane Correspondence,
Person,Balloch,Breadalbane,Letter,Person,,Mr. Hamilton,"1689, Dec 12",1,NRS - Breadalbane Correspondence,
Person,Craig,Charles Campbell,Letter,Person,,Breadalbane,"1689, Dec 13",1,NRS - Breadalbane Correspondence,
Person,Wellbeck,Newcastle,Letter,Person,,Breadalbane,"1689, Dec 14",1,NRS - Breadalbane Correspondence,
Person,Edinburgh,John Dalrymple,Letter,Person,,Breadalbane,"1689, Dec 21",1,NRS - Breadalbane Correspondence,
Person,Edinburgh,Carwhin,Letter,Person,,Breadalbane,"1689, Dec 27",1,NRS - Breadalbane Correspondence,
Person,Orchill,James Graham of Orchill,Letter,Person,,Breadalbane,"1689, Dec 30",1,NRS - Breadalbane Correspondence,
Person,,Hay,Letter,Person,,Breadalbane,undated,1,NRS - Breadalbane Correspondence,
Person,,Breadalbane,Letter,Person,,Carwhin,undated,1,NRS - Breadalbane Correspondence,
Person,,Carwhin,Letter,Person,,Breadalbane,Dec 1689,1,NRS - Breadalbane Correspondence,
Person,,Breadalbane,Letter,Person,,Carwhin,Nov-Dec 1689,1,NRS - Breadalbane Correspondence,
Person,,Breadalbane,Letter,Person,,Duncan Campbell,undated,1,NRS - Breadalbane Correspondence,
Person,,Hay,Letter,Person,,Breadalbane,undated,1,NRS - Breadalbane Correspondence,
Person,Edinburgh,Alexander Hamilton,Letter,Person,,Breadalbane,"1690, Jan 7",1,NRS - Breadalbane Correspondence,
Person,Edinburgh,John Dalrymple,Letter,Person,,Breadalbane,"1690, Jan 7",1,NRS - Breadalbane Correspondence,
Person,Camsaill,John Campbell of Carrick,Letter,Person,,Breadalbane,"1690, Jan 13",1,NRS - Breadalbane Correspondence,
Person,Balloch,Breadalbane,Letter,Person,,Carwhin,"1690, Jan 27",1,NRS - Breadalbane Correspondence,
Person,,Breadalbane,Letter,Person,,Carwhin,Feb 1690,1,NRS - Breadalbane Correspondence,
Person,Balloch,Breadalbane,Letter,Person,,Carwhin,"1690, Feb 10",1,NRS - Breadalbane Correspondence,
Person,Balloch,Breadalbane,Letter,Person,,Carwhin,"1690, Feb 19",1,NRS - Breadalbane Correspondence,
Person,,Glenorchy,Letter,Person,,Breadalbane,undated,1,NRS - Breadalbane Correspondence,
Person,,"Mary, Countess of Caithness",Letter,Person,,Breadalbane,"1690, Aug 26",1,NRS - Breadalbane Correspondence,wife
Person,,Breadalbane,Letter,Person,,Carwhin,09.08.1690,1,NRS - Breadalbane Correspondence,
Person,,Breadalbane,Letter,Person,,Barcaldine,1690,1,NRS - Breadalbane Correspondence,
Person,London,"Mary, Countess of Caithness",Letter,Person,,Breadalbane,"1690, Oct 16",1,NRS - Breadalbane Correspondence,wife
Person,,Breadalbane,Letter,Person,,Carwhin,11.7.1690,1,NRS - Breadalbane Correspondence,
Person,London,Linlithgow,Letter,Person,,Breadalbane,"1690, Dec 4",1,NRS - Breadalbane Correspondence,
Person,,Balcarres,Letter,Person,,Breadalbane,undated,1,NRS - Breadalbane Correspondence,
Person,Achmor,Breadalbane,Letter,Person,,Carwhin,"1690, Dec 12",1,NRS - Breadalbane Correspondence,
Person,,Breadalbane,Letter,Person,,Carwhin,undated,1,NRS - Breadalbane Correspondence,
Person,Achmor,Breadalbane,Letter,Person,,Glenorchy,"1690, Dec 13",1,NRS - Breadalbane Correspondence,son
Person,Balloch,Breadalbane,Letter,Person,,Barcaldine,"1690, Dec 29",1,NRS - Breadalbane Correspondence,
Person,,Breadalbane,Letter,Person,,Carwhin,undated,1,NRS - Breadalbane Correspondence,
Person,,"Mary, Countess of Caithness",Letter,Person,,Breadalbane,undated,1,NRS - Breadalbane Correspondence,
Person,,Breadalbane,Letter,Person,,Carwhin,undated,1,NRS - Breadalbane Correspondence,
Person,Balloch,Breadalbane,Letter,Person,,Carwhin,undated,1,NRS - Breadalbane Correspondence,
Person,,Breadalbane,Letter,Person,,Carwhin,undated,1,NRS - Breadalbane Correspondence,
Person,,Carwhin,Letter,Person,,Breadalbane,c. 1690,1,NRS - Breadalbane Correspondence,
Person,,Carwhin,Letter,Person,,Breadalbane,"1691, Jan 6",1,NRS - Breadalbane Correspondence,
Person,Edinburgh,Carwhin,Letter,Person,,Breadalbane,"1691, Jan 6",1,NRS - Breadalbane Correspondence,
Person,Edinburgh,Carwhin,Letter,Person,,Breadalbane,"1691, Jan 10",1,NRS - Breadalbane Correspondence,
Person,Balloch,Breadalbane,Letter,Person,,Carwhin,"1691, Jan 15",1,NRS - Breadalbane Correspondence,
Person,Balloch,Breadalbane,Letter,Person,,Carwhin,"1691, Jan 15",1,NRS - Breadalbane Correspondence,
Person,Miltown,Mungo Campbell,Letter,Person,,Breadalbane,"1691, Jan 23",1,NRS - Breadalbane Correspondence,
Person,,Carwhin,Letter,Person,,Breadalbane,"1691, Jan 26",1,NRS - Breadalbane Correspondence,
Person,,Breadalbane,Letter,Person,,Carwhin,undated,1,NRS - Breadalbane Correspondence,
Person,Gilliebraes,Pa. Urquart,Letter,Person,,Breadalbane,"1691, Jan 26",1,NRS - Breadalbane Correspondence,
Person,,Breadalbane,Letter,Person,Edinburgh,Mr Alexander Hamilton,undated,1,NRS - Breadalbane Correspondence,
Person,,Glenorchy,Letter,Person,,Breadalbane,"1691, Feb 7",1,NRS - Breadalbane Correspondence,
Person,,Breadalbane,Letter,Person,,Carwhin,undated,1,NRS - Breadalbane Correspondence,
Person,,Breadalbane,Letter,Person,,Carwhin,undated,1,NRS - Breadalbane Correspondence,
Person,,Breadalbane,Letter,Person,,Carwhin,undated,1,NRS - Breadalbane Correspondence,
Person,,Breadalbane,Letter,Person,,Carwhin,undated,1,NRS - Breadalbane Correspondence,
Person,,"Margaret Cavendish Holles, Countess of Clare, later Duchess of Newcastle",Letter,Person,Taymouth,Breadalbane,c. 1691,1,NRS - Breadalbane Correspondence,
Person,Wellbeck,Newcastle,Letter,Person,,Breadalbane,"1691, Feb 24",1,NRS - Breadalbane Correspondence,
Person,Wellbeck,Duchess Newcastle,Letter,Person,,Breadalbane,"1691, Feb 25",1,NRS - Breadalbane Correspondence,
Person,Balloch,Breadalbane,Letter,Person,,Carwhin,"1691, Mar 9",1,NRS - Breadalbane Correspondence,
Person,London,Breadalbane,Letter,Person,,Carwhin,"1691, Apr 21",1,NRS - Breadalbane Correspondence,
Person,London,Breadalbane,Letter,Person,,Carwhin,"1691, Apr 21",1,NRS - Breadalbane Correspondence,
Person,,Breadalbane,Letter,Person,"Head of Kenedy's Close, south side of the street, Edinburgh",Mrs Campbell,"1691, Apr 24",1,NRS - Breadalbane Correspondence,
Person,London,Breadalbane,Letter,Person,,Carwhin,undated,1,NRS - Breadalbane Correspondence,
Person,,Breadalbane,Letter,Person,"Head of Kenedy's Close, south side of the street, Edinburgh",Mrs Campbell,"1691, May 2",1,NRS - Breadalbane Correspondence,
Person,London,"Mary, Countess of Caithness",Letter,Person,Carwhin,Mrs Campbell,undated,1,NRS - Breadalbane Correspondence,
Person,London,Breadalbane,Letter,Person,,Carwhin,"1691, May 5",1,NRS - Breadalbane Correspondence,
Person,Wellbeck,Duchess Newcastle,Letter,Person,,Glenorchy,"1691, May 9",1,NRS - Breadalbane Correspondence,
Person,Killean,Argyll,Letter,Person,,Breadalbane,"1691, Jun 4",1,NRS - Breadalbane Correspondence,
Person,Dumbarton,Lord Neill Campbell,Letter,Group,,Breadalbane and his nephew,"1691, Jun 25",1,NRS - Breadalbane Correspondence,
Person,Dumbarton,"Susanne Campbell, Lady Neill Campbell",Letter,Person,,Breadalbane,"1691, Jun 29",1,NRS - Breadalbane Correspondence,
Person,,Colonel A Canon,Letter,Person,,Breadalbane,c. Jun 1691,1,NRS - Breadalbane Correspondence,
Person,,Breadalbane,Letter,Person,,Barcaldine,c. Jul 1691,1,NRS - Breadalbane Correspondence,
Person,,Breadalbane,Letter,Person,,Carwhin,c. Jul 1691,1,NRS - Breadalbane Correspondence,
Person,,Breadalbane,Letter,Person,,Countess Caithness,undated,1,NRS - Breadalbane Correspondence,
Person,,Countess Caithness,Letter,Person,Carwhin,Mrs Campbell,"1691, Aug 29",1,NRS - Breadalbane Correspondence,
Person,London,Countess Caithness,Letter,Person,Carwhin,Mrs Campbell,undated,1,NRS - Breadalbane Correspondence,
Person,,Countess Caithness,Letter,Person,,Mrs Campbell,"1691, Sep 8",1,NRS - Breadalbane Correspondence,
Person,,Countess Caithness,Letter,Person,,Mrs Campbell,"1691, Sep 10",1,NRS - Breadalbane Correspondence,
Person,London,Breadalbane,Letter,Person,,Carwhin,"1691, Sep 13",1,NRS - Breadalbane Correspondence,
Person,London,Breadalbane,Letter,Person,,Carwhin,"1691, Sep 15",1,NRS - Breadalbane Correspondence,
Person,Edinburgh,"Mrs Campbell, wife or Carwhin",Letter,Person,"Mr Frith's house near the royal cockpit in Dartmouth St., Westminster, London",Mrs Elizabeth Pringle,"1691, Sep 17",1,NRS - Breadalbane Correspondence,
Person,London,Breadalbane,Letter,Person,,Carwhin,"1691, Sep 19",1,NRS - Breadalbane Correspondence,
Person,London,Breadalbane,Letter,Person,,Carwhin,undated,1,NRS - Breadalbane Correspondence,
Person,London,Breadalbane,Letter,Person,,Carwhin,"1691, Sep 26",1,NRS - Breadalbane Correspondence,
Person,Edinburgh,Carwhin,Letter,Person,,Breadalbane,"1691, Sep 26",1,NRS - Breadalbane Correspondence,
Person,London,Glenorchy,Letter,Person,,Breadalbane,"1691, Sep 29",1,NRS - Breadalbane Correspondence,
Person,,Countess Caithness,Letter,Person,Carwhin,Mrs Campbell,"1691, Sep 29",1,NRS - Breadalbane Correspondence,
Person,,Countess Caithness,Letter,Person,Carwhin,Mrs Campbell,"1691, Oct 3",1,NRS - Breadalbane Correspondence,
Person,,Tarbat,Letter,Person,,Glengarrie,"1691, Oct 4",1,NRS - Breadalbane Correspondence,
Person,Hague,Glenorchy,Letter,Person,,Breadalbane,"1691, Oct 6",1,NRS - Breadalbane Correspondence,
Person,Whitehall,Nottingham,Letter,Person,,Breadalbane,"1691, Oct 13",1,NRS - Breadalbane Correspondence,
Person,Elaindonan,Patrick Stewart,Letter,Person,,Breadalbane,"1691, Oct 15",1,NRS - Breadalbane Correspondence,
Person,Balloch,Breadalbane,Letter,Person,,Carwhin,"1691, Oct 16",1,NRS - Breadalbane Correspondence,
Person,Fortwilliam,Colonel John Hill,Letter,Person,,Breadalbane,"1691, Oct 17",1,NRS - Breadalbane Correspondence,
Person,Inverary,Argyll,Letter,Person,Dumbarton,Lord Neill Campbell,"1691, Oct 21",1,NRS - Breadalbane Correspondence,
Person,Hamburg,Glenorchy,Letter,Person,,Breadalbane,"1691, Oct 23",1,NRS - Breadalbane Correspondence,
Person,Balloch,Breadalbane,Letter,Person,,Carwhin,undated,1,NRS - Breadalbane Correspondence,
Person,Balloch,Breadalbane,Letter,Person,,Countess Caithness,"1691, Oct 31",1,NRS - Breadalbane Correspondence,
Person,Balloch,Breadalbane,Letter,Person,,Carwhin,undated,1,NRS - Breadalbane Correspondence,
Person,,Breadalbane,Letter,Person,,Carwhin,"1691, Oct 31",1,NRS - Breadalbane Correspondence,
Person,Hague,Colonel Fergus O'Farrell,Letter,Person,,Breadalbane,"1691, Nov 9",1,NRS - Breadalbane Correspondence,
Person,Killin,Breadalbane,Letter,Person,,Carwhin,undated,1,NRS - Breadalbane Correspondence,
Person,London,Countess Caithness,Letter,Person,Carwhin,Mrs Campbell,"1691, Nov 7",1,NRS - Breadalbane Correspondence,
Person,Achmor,Breadalbane,Letter,Person,,Carwhin,undated,1,NRS - Breadalbane Correspondence,
Person,Glenurchy,Breadalbane,Letter,Person,,Carwhin,"1691, Nov 14",1,NRS - Breadalbane Correspondence,
Person,Glenurchy,Breadalbane,Letter,Person,,Major General Buchan,"1691, Nov 16",1,NRS - Breadalbane Correspondence,
Person,Edinburgh,Jo. Tyrie,Letter,Person,,Mungo Campbell,"1691, Nov 16",1,NRS - Breadalbane Correspondence,
Person,London,Countess Caithness,Letter,Person,Carwhin,Mrs Campbell,"1691, Nov 24",1,NRS - Breadalbane Correspondence,
Person,London,Countess Caithness,Letter,Person,Carwhin,Mrs Campbell,undated,1,NRS - Breadalbane Correspondence,
Person,,Countess Caithness,Letter,Person,Carwhin,Mrs Campbell,"1691, Nov 24",1,NRS - Breadalbane Correspondence,
Person,London,Countess Caithness,Letter,Person,Carwhin,Mrs Campbell,1691,1,NRS - Breadalbane Correspondence,
Person,,Countess Caithness,Letter,Person,,Carwhin,undates,1,NRS - Breadalbane Correspondence,
Person,Achmor,Breadalbane,Letter,Person,,Carwhin,1691,1,NRS - Breadalbane Correspondence,
Person,Achmor,Breadalbane,Letter,Person,,Carwhin,c. 1691/1692,1,NRS - Breadalbane Correspondence,
Person,Balloch,Breadalbane,Letter,Person,,Carwhin,"1691, Dec 2",1,NRS - Breadalbane Correspondence,
Person,,Countess Caithness,Letter,Person,Carwhin,Mrs Campbell,"1691, Dec 3",1,NRS - Breadalbane Correspondence,
Person,London,Countess Caithness,Letter,Person,,Lady Carwhin,undated,1,NRS - Breadalbane Correspondence,
Person,Paris,Dunfermline,Letter,Person,,Breadalbane,"1691, Dec 10",1,NRS - Breadalbane Correspondence,
Person,Edinburgh,George Drummond,Letter,Person,,Breadalbane,"1691, Dec 19",1,NRS - Breadalbane Correspondence,
Person,Edinburgh,MacIntosh of Torcastle,Letter,Person,London,Breadalbane,"1691, Dec 26",1,NRS - Breadalbane Correspondence,
Person,Inverary,James Campbell,Letter,Person,,Breadalbane,"1691, Dec 29",1,NRS - Breadalbane Correspondence,
Person,Lochaber,Cameron of Lochiel,Letter,Person,,Breadalbane,undated,1,NRS - Breadalbane Correspondence,
Person,London,Breadalbane,Letter,Person,,Carwhin,"1692, Jan 2",1,NRS - Breadalbane Correspondence,
Person,London,Breadalbane,Letter,Person,,Carwhin,"1692, Jan 5",1,NRS - Breadalbane Correspondence,
Person,London,Breadalbane,Letter,Person,,Carwhin,"1692, Jan 7",1,NRS - Breadalbane Correspondence,
Person,London,Breadalbane,Letter,Person,,Carwhin,"1692, Jan 7",1,NRS - Breadalbane Correspondence,
Person,London,Breadalbane,Letter,Person,,Carwhin,"1692, Jan 9",1,NRS - Breadalbane Correspondence,
Person,London,Breadalbane,Letter,Person,Edinburgh,Ewan Cameron of Lochiel,"1692, Jan 9",1,NRS - Breadalbane Correspondence,
Person,London,Breadalbane,Letter,Person,,Carwhin,"1692, Jan 11",1,NRS - Breadalbane Correspondence,
Person,London,Breadalbane,Letter,Person,,Ewan Cameron of Lochiel,undated,1,NRS - Breadalbane Correspondence,
Person,,Patrick Birnie,Letter,Person,,Alexander Campbell of Barcaldine,"1692, Jan 13",1,NRS - Breadalbane Correspondence,
Person,London,Breadalbane,Letter,Person,,Carwhin,"1692, Jan 14",1,NRS - Breadalbane Correspondence,
Person,Edinburgh,J Sinclaire,Letter,Person,,Breadalbane,"1692, Jan 16",1,NRS - Breadalbane Correspondence,
Person,London,Breadalbane,Letter,Person,,Carwhin,"1692, Jan 16",1,NRS - Breadalbane Correspondence,
Person,London,Breadalbane,Letter,Person,,Carwhin,"1692, Jan 21",1,NRS - Breadalbane Correspondence,
Person,London,Breadalbane,Letter,Person,,Carwhin,"1692, Jan 23",1,NRS - Breadalbane Correspondence,
Person,Edinburgh,Mungo Campbell of Kenloch,Letter,Person,,Breadalbane,"1692, Jan 23",1,NRS - Breadalbane Correspondence,
Person,London,Breadalbane,Letter,Person,,Carwhin,"1692, Jan 26",1,NRS - Breadalbane Correspondence,
Person,London,Breadalbane,Letter,Person,,Carwhin,"1692, Jan 26",1,NRS - Breadalbane Correspondence,
Person,Edinburgh,Carwhin,Letter,Person,,Breadalbane,"1692, Jan 28",1,NRS - Breadalbane Correspondence,
Person,London,Breadalbane,Letter,Person,,Carwhin,"1692, Jan 28",1,NRS - Breadalbane Correspondence,
Person,London,Breadalbane,Letter,Person,,Carwhin,"1692, Feb 2",1,NRS - Breadalbane Correspondence,
Person,London,Breadalbane,Letter,Person,,Carwhin,"1692, Feb 4",1,NRS - Breadalbane Correspondence,
Person,London,Breadalbane,Letter,Person,,Carwhin,"1692, Feb 6",1,NRS - Breadalbane Correspondence,
Person,London,Breadalbane,Letter,Person,,Carwhin,"1692, Feb 9",1,NRS - Breadalbane Correspondence,
Person,London,Breadalbane,Letter,Person,,Carwhin,"1692, Feb 10",1,NRS - Breadalbane Correspondence,
Person,London,Breadalbane,Letter,Person,,Carwhin,"1692, Feb 13",1,NRS - Breadalbane Correspondence,
Person,London,Breadalbane,Letter,Person,,Carwhin,undated,1,NRS - Breadalbane Correspondence,
Person,Cairdnys,Major Duncan Menzies,Letter,Person,,Breadalbane,"1692, Feb 17",1,NRS - Breadalbane Correspondence,
Person,London,Breadalbane,Letter,Person,,Carwhin,"1692, Feb 20",1,NRS - Breadalbane Correspondence,
Person,London,Breadalbane,Letter,Person,,Carwhin,"1692, Feb 23",1,NRS - Breadalbane Correspondence,
Person,London,Breadalbane,Letter,Person,,Carwhin,"1692, Feb 25",1,NRS - Breadalbane Correspondence,
Person,London,Breadalbane,Letter,Person,,Carwhin,"1692, Feb 27",1,NRS - Breadalbane Correspondence,
Person,London,Breadalbane,Letter,Person,,Carwhin,"1692, Mar 1",1,NRS - Breadalbane Correspondence,
Person,,Breadalbane,Letter,Person,,Carwhin,"1692, Mar 1",1,NRS - Breadalbane Correspondence,
Person,London,Breadalbane,Letter,Person,,Carwhin,"1692, Mar 5",1,NRS - Breadalbane Correspondence,
Person,London,Breadalbane,Letter,Person,,Carwhin,"1692, Mar 8",1,NRS - Breadalbane Correspondence,
Person,London,Breadalbane,Letter,Person,,Carwhin,undated,1,NRS - Breadalbane Correspondence,
Person,London,Breadalbane,Letter,Person,,Carwhin,"1692, Mar 12",1,NRS - Breadalbane Correspondence,
Person,London,Breadalbane,Letter,Person,,Carwhin,"1692, Mar 15",1,NRS - Breadalbane Correspondence,
Person,London,Breadalbane,Letter,Person,,Carwhin,"1692, Mar 17",1,NRS - Breadalbane Correspondence,
Person,London,Breadalbane,Letter,Person,,Carwhin,"1692, Mar 19",1,NRS - Breadalbane Correspondence,
Person,,J Erskine,Letter,Person,,Carwhin,"1692, Mar 21",1,NRS - Breadalbane Correspondence,
Person,London,Breadalbane,Letter,Person,,Carwhin,"1692, Mar 22",1,NRS - Breadalbane Correspondence,
Person,Edinburgh,Carwhin,Letter,Person,,Breadalbane,"1692, Mar 22",1,NRS - Breadalbane Correspondence,
Person,London,Breadalbane,Letter,Person,,Carwhin,"1692, Mar 26",1,NRS - Breadalbane Correspondence,
Person,Vienna,Glenorchy,Letter,Person,,Carwhin,"1692, Mar 26",1,NRS - Breadalbane Correspondence,
Person,London,Breadalbane,Letter,Person,,Carwhin,"1692, Mar 29",1,NRS - Breadalbane Correspondence,
Person,London,Breadalbane,Letter,Person,,Carwhin,"1692, Mar 31",1,NRS - Breadalbane Correspondence,
Person,,Sir James Foulis,Letter,Person,,Breadalbane,c. 1692,1,NRS - Breadalbane Correspondence,
Person,London,Breadalbane,Letter,Person,,Carwhin,"1692, Apr 5",1,NRS - Breadalbane Correspondence,
Person,London,Breadalbane,Letter,Person,,Carwhin,"1692, Apr 7",1,NRS - Breadalbane Correspondence,
Person,London,Breadalbane,Letter,Person,,Carwhin,"1692, Apr 12",1,NRS - Breadalbane Correspondence,
Person,Barnet,Breadalbane,Letter,Person,,Carwhin,"1692, Apr 13",1,NRS - Breadalbane Correspondence,
Person,Granthame,Breadalbane,Letter,Person,,Carwhin,undated,1,NRS - Breadalbane Correspondence,
Person,Lochlyone,Colin Campbell,Letter,Person,,Breadalbane,undated,1,NRS - Breadalbane Correspondence,
Person,,Ann Bell,Letter,Person,,Breadalbane,"1692, Jun 10",1,NRS - Breadalbane Correspondence,
Person,Loch Lyon,Lord Moray,Letter,Person,,Breadalbane,undated,1,NRS - Breadalbane Correspondence,
Person,London,Duncan McGregor,Letter,Person,,Breadalbane,"1692, Jul 2",1,NRS - Breadalbane Correspondence,
Person,London,Ch. Monro,Letter,Person,,Breadalbane,undated,1,NRS - Breadalbane Correspondence,
Person,Edinburgh,Breadalbane,Letter,Group,,Clerk of Commissioners of Supply of Perthshire; Sheriff Depute,"1692, Sep 15",1,NRS - Breadalbane Correspondence,
Person,Edinburgh,Carwhin,Letter,Person,,Breadalbane,"1692, Sep 20",1,NRS - Breadalbane Correspondence,
Person,Balloch,Carwhin,Letter,Person,,Breadalbane,"1692, Sep 30",1,NRS - Breadalbane Correspondence,
Person,London,Breadalbane,Letter,Person,,Alexander Campbell of Barcardine,"1691, Oct 11",1,NRS - Breadalbane Correspondence,
Person,Edinburgh,Dugall Campbell,Letter,Person,,Breadalbane,"1692, Oct 20",1,NRS - Breadalbane Correspondence,
Person,Edinburgh,Carwhin,Letter,Person,,Breadalbane,"1692, Oct 22",1,NRS - Breadalbane Correspondence,
Person,Dublin Castle,King James,Letter,Person,,Breadalbane,"1689, Nov 30",1,NRS - Breadalbane Correspondence,
Person,Camp Oppebrora,King William,Commission,Person,,Breadalbane,"1691, Jun 15-25",1,NRS - Breadalbane Correspondence,
Person,,George Barclay,Letter,Person,,Alexander Campbell of Barcardine,"1691, Aug 5",1,NRS - Breadalbane Correspondence,
Person,,Ewan Cameron of Lochiel,Letter,Person,,Alexander Campbell of Barcardine,"1691, Dec 2",1,NRS - Breadalbane Correspondence,
Person,,Colin Campbell of Carwhin,Letter,Person,,Breadalbane,"1691, May 19",1,NRS - Breadalbane Correspondence,
Person,Edinburgh,Colin Campbell of Carwhin,Letter,Person,,Breadalbane,"1691, May 22",1,NRS - Breadalbane Correspondence,
Person,,Colin Campbell of Carwhin,Letter,Person,,Breadalbane,"1691, July 20",1,NRS - Breadalbane Correspondence,"Discusses a certain ""unluckie bussines"" involving the Earl of Breadalbane and the Earl of Argyll. ""I wonder if .... E.A. hade any direct or indirect hand in it. I cannot belive it and yit some heir think otherwayes .... My Lady Argyle hes writt a letter to my Lord Bread; about it, excuiseing her Lord, It seimes the designe wes to retak the dutch shipe and the Leith bark from the Mcleans .... and that the Mcleans fynding they could not gett them keipt brunt the one and sunk the other ..."""
Person,,Colin Campbell of Carwhin,Letter,Person,,Breadalbane,"1691, July 26",1,NRS - Breadalbane Correspondence,"""The Queen hath ... writt to Duke Ham. and the Councill signiefieing that she is weill satisfied with E.B. his negotiatione and assureing him that the k: will be soe to [o] .... There came news heir yisterday that the Garisone of Inerlochay hath lately seized the Laird of Appine, Telstane, Uchteraw and 7 or 8 moe of the highland gentlemen upon occasione of some litle debait that fell out betwixt a sojour and a man of appines .... I did nott heir from you if it be trew ...."" ""Coll. Hill writt in heir to the Councill a most malitious ill natured letter treating that bussiness in ridicule, and they say he ends with ane advyce to indeavour a dissapoyntment, which some heir will be verie reddie to follow ...."""
Person,Edinburgh,Colin Campbell of Carwhin,Letter,Person,,Breadalbane,"1691, July 29",1,NRS - Breadalbane Correspondence,""".... the Councill hath ordored yisternight the laird of Appin and thes other Gentlemen who were seazed in his house to be caried prisoners to Glasgow .... its nott doubted but that there will come a warrand to sett them at libertie howsoone the letters arryves at E. Bread ....""."
Person,,Colin Campbell of Carwhin,Letter,Person,,Breadalbane,"1691, Aug 8",1,NRS - Breadalbane Correspondence,"The Council have received a letter which is reported to signify that the king is satisfied with the Earl of Breadalbane's negotiations in the highlands; and instructing them to release the Laird of Appin and the other gentlemen who were seized with them.
""Some heir are highly offended that this should be the result nottwithstanding of all indeavours to the contrarie ...."" There are reports that the highlanders have again come down on the Lowlands, ""comitting depredationes alse much as ever. If anything lyk this hath bein or shall be It may marr all, for severalls heir wait but such oportunities particularly a breach upon the other syd albeit never soe small ...."""
Person,Edinburgh,Colin Campbell of Carwhin,Letter,Person,,Breadalbane,"1691, Dec 21",1,NRS - Breadalbane Correspondence,"Discusses the political situation and rumours of military action to be taken against the highlanders who have not yet taken the oath of allegiance to William III and Queen Mary. Reports of scuffle between the Earl of Breadalbane and Lord Murray ""anent Glenlyons affairs"". ""I have just now gott full assurance that Sir G.B. and D.M. have ordors for the highlanders to submitt to the Government."""
Person,Edinburgh,Colin Campbell of Carwhin,Letter,Person,,Breadalbane,"1691, Dec 31",1,NRS - Breadalbane Correspondence,"Discusses troop movements and new political appointments. ""I long to heir what the effects of D.M. his message will be, I suppose nothing, Thos people are fallin into a strange delusione and they will certanly find the evill of it .... How are all the faire promises they hade from others now performed when the forces are marcheing towards them; Wher are all the other great performances when nothing but ruine and distructione is said to be determined for some of them ...."
Person,Edinburgh,Colin Campbell of Carwhin,Letter,Person,,Breadalbane,"1692, Jan 7",1,NRS - Breadalbane Correspondence,"""I showd some of the letters to the pres. and spock to him that ordors might be sent to the Comanders of the forces nott to trouble any of the tennents of such who have come in, particularly Lochzeall's (.) He promised to speak to Sir Tho. Liv. of it this day at the Councill, I know nott yitt what they have done about it .... Yow did nott tell me what Keppoch and Glenco hes done or resolves to do, It is nott now saiff to correspond with any who are nott come in without allowance from the Governement wherfor take nottice what yow doe .... I had a letter this day from E.B. he kist their Majesties' hands nixt day efter his arryveall, wes weill received and hade several conferences since ...."""
Person,Edinburgh,Colin Campbell of Carwhin,Letter,Person,,Breadalbane,"1692, Feb 6",1,NRS - Breadalbane Correspondence,"Mentions reported comment of Colonel Hill that ""Lochaber is alse qwyett as the streits of London"", and another report that ""Keppoch hes a mynd to goe wpe, which our freind sayes is efter the steid is stollen. I fear they will all lose ther thanks for being too late a comeing ... Thers nott a man stands for them but our freind who is lyk to procure unfreindshipe to himself for continoweing his appeirance for them, albeit nott altogither out of hopes to gett yitt something done for some of them which a litle tyme will now discover ...."""
Person,Edinburgh,Colin Campbell of Carwhin,Letter,Person,,Breadalbane,"1692, Feb 19",1,NRS - Breadalbane Correspondence,"Discusses principally legal affairs concerning ""Duncan McConochies brothers adjudicatione"", and a process about a stolen horse.
Encloses a long letter [not now extant] from ""my Lord"". ""Yow sie what my Lord writts anent highland affairs quherin there is no change yitt since the date of that letter .... We look upon that highland affairs now as all over ...."". "" ... My Lord desyres yow to send evrie weik ane accompt of all occurrences in thes Countries, all that is done or said alse farr as yow cane learne, My Lord writts in his last that Tarbat hes letters from Invernes that yowng McDonald is come in to Coll. Cuninghame and he wonders he heirs noething of it from his folks ...."""
Person,Balloch,Breadalbane,Letter,Person,,Barcaldine,"1688, Mar 16",1,NRS - Breadalbane Correspondence,
Person,Finlarig,Breadalbane,Letter,Person,,Barcaldine,"1688, Aug 24",1,NRS - Breadalbane Correspondence,
Person,Finlarig,Breadalbane,Letter,Person,,Captain Straton,"1688, Aug 24",1,NRS - Breadalbane Correspondence,
Person,Finlarig,Breadalbane,Letter,Person,,Barcaldine,"1688, Aug 27",1,NRS - Breadalbane Correspondence,
Person,,Breadalbane,Letter,Person,,Barcaldine,"1689, Nov 16",1,NRS - Breadalbane Correspondence,""".... The Garison of Finlarg has taken up the Graife Stons of the chapell of Finlarg and floor'd ther stable with them, heast doun 12 scor deals I pray yow, faill not in this that they lay not be the way as the last did ...."" This letter contains a key (difficult to interpret) to symbols used to signify individuals mentioned in other letters in this group."
Person,Balloch,Breadalbane,Letter,Person,,Barcaldine,"1689, Nov 18",1,NRS - Breadalbane Correspondence,
Person,Balloch,Breadalbane,Letter,Person,,Barcaldine,"1689, Nov 22",1,NRS - Breadalbane Correspondence,
Person,,Breadalbane,Letter,Person,,Barcaldine,1689,1,NRS - Breadalbane Correspondence,"""I hope this week hes been fair that yow will make up the peir again so strong and speedily that storms overtake it not befor it be fixed out of danger ...."" Discusses other estate matters. Mentions Mr. Clerk, ""the factor at Edinburgh"". Political matters: ""I will not divert my men except such who are on the coast of themselves incline to joyn with ther nighbours. Lochneall is at Perth with E. Argyll who is comendant of the forces ther untill M.G. McKay aryve who is not yet come ... I imagine if there be forces in Jura it is mor lykly they goe to Ila than any wher else (.) they expect to hear from [here a symbol is inserted] wherof advertise me frequently ...."""
Person,,Breadalbane,Letter,Person,,Barcaldine,"1689, Dec 6",1,NRS - Breadalbane Correspondence,"Discusses possibility that ""the Castle"" is to be taken over by a foot party sent by the Earl of Argyll. ""It will be very destructiv to my interest to be dispossest of that place and I will first desyr to be heard at Edr. upon the subject ...."" Goes on to narrate how he (the sender) has discovered that Duncan [Campbell] deliberately falsified the rent returns for 1688. ""This is so gross knavery ... I must mak him a publick example of cheating ... he knew not what to say but God is finding him out dayly ....""
[Not signed.]"
Person,,Breadalbane,Letter,Person,,Barcaldine,1689,1,NRS - Breadalbane Correspondence,""".... it hes been a greater wonder to me that the provocations given by Ardkinlas all this time to these Forces hes not sooner brought trouble upon him and all accissory then that it should now surpryse me if they be invading that shyre, I did officiously and without thanks expostulat by word and wreat the inco[n]siderat imprudent actings of that person, and if the shyr be distroyed by his procurment it will be great goodnes in them if he be not punishd for it, seing it can not but be acknowledged that he gav constantly the provocation .... the Government expects no service from me, nor thank me if I do any, therfor cause my men preserve themselvs leiv peacably and medle with nather side as they will be answerable ....""
[Not signed]"
Person,Balloch,Breadalbane,Letter,Person,,Barcaldine,"1689, Nov 22",1,NRS - Breadalbane Correspondence,
Person,,Breadalbane,Letter,Person,,Barcaldine,"1690, June 1",1,NRS - Breadalbane Correspondence,"Has met Captain Meneizie and other highland officers, who profess themselves very willing to follow Breadalbane's advice, but thinks it difficult, now that the highlanders are in the field, to keep them from committing disorders; 'its sad to see Cristians and generally all protestans sheding others blood when it might be prevented'."
Person,London,Breadalbane,Letter,Person,,Barcaldine,"1691, Sep 15",1,NRS - Breadalbane Correspondence,"""I came here 4 days agoe been keept at sea longer than I expected with stormie weather .... I find it in the Gazet that non of the Highlanders hav taken the Indemnitie wherat many rejoyse, hoping they will persever in that hamour [humour], wherby they may hav opartunitie to ruine them and all who hav been doing for them. Advertise them that I shall hav with me what may please every man, if they com in the sooner the better wherby they will disapoynt their Enemies and exceedingly please their friends and oblidge all who hav tented [?] their livs credit and fortouns to preserv them from the ruine which was designed for them ....""
[Not signed]"
Person,Balloch,Breadalbane,Letter,Person,,Barcaldine,"1691, Oct 24",1,NRS - Breadalbane Correspondence,"Discusses difficulties in negotiating with Keppoch and Lochzeall and others. ""I shall stay out my time if it be usfull, otherwayes I will not, they ar ruind and abused with lyes that children of 10 years age could not beleev and they talk as if they wer to giv terms and not to receav them but they will find that a great mistake in few weeks nothwithstanding of all my endevours to the contrarie ....""
[Not signed.]"
Person,Achmor,Breadalbane,Letter,Person,,Barcaldine,"1691, Nov 24",1,NRS - Breadalbane Correspondence,""".... the K. is growing incenced against them for ther slighting his great offers when he is mor then [than] Master ..."""
Person,Edinburgh,Breadalbane,Letter,Person,,Barcaldine,"1691, Dec 10",1,NRS - Breadalbane Correspondence,"Discusses Locheil's delay [in taking the oath of allegiance to William III and Mary]; "".... that unhappy man .... hes done all in his power to ruine and disgrace me who was setting up his familie ..."" Explains steps to be taken if Locheil does ""come in"". Discusses complaint by Glengarry that ""the money was not equaly destribut and that Lochzeals pairt was more than his proportion, who had less interest then on [than one] that can comand all the McDonalds .... It is insinuat to the King that if the money had been otherways dealt, some would hav com in who now keep out ...."" Mentions that certain gentlemen and all the commons of Aberdeenshire are taking the indemnity this week ""so that the ice is broak""."
Person,,Breadalbane,Letter,Person,,Barcaldine,c. 1690-1691,1,NRS - Breadalbane Correspondence,""".... I find the K. is highly incensed at them, the Armie is all stopt from flanders untill they be discussed, he hes justified me (.) Sir Tho. Liviston is gone up yesterday (.) My enemies hav made use of this disapoyntment to keep me out of the Government at this time as on [one] acting for K.J., and Major Forbes sayes that Glengary assurd him I was doing all this for K.J. ....""
[Not signed]"
Person,London,Breadalbane,Letter,Person,,Barcaldine,"1692, Jan 5",1,NRS - Breadalbane Correspondence,
Person,London,Breadalbane,Letter,Person,,Barcaldine,"1692, Apr 1",1,NRS - Breadalbane Correspondence,"Writer was the first man 'who heard from you of the Business of Glen-coa, so was I the first that exclaim'd against itt, besides what I said against the Legallity and the Justice of itt, I did expostulate with E.H. about it as design'd to employ his Men to be the Executioners, and that soon or sine some of his Innocent Freinds will pay for it, and when I expostulated with some others about it I was shown a letter from Collonel Hill, valueing himself upon that Service, and telling that if a Storm of Snow had not fallen on, none had escaped him and that he delay'd the doeing of itt sooner untill he gott the House of Innergary into his hands, I beleive he had the order with him befor I came here or about that time, although we never heard of itt nor that ever he made any objection against it but upon the Contraire he tells that an intire subjection of the Highlands immediately followed. I think it not strange ... to be made beleive Innocent men accessory to itt, when they were so much abus'd as not to come near me to receive money and safety, but now I suppose their eyes are open to see who were their Freinds and who were not, which is very hard to make them understand untill it be too late'.
Sends copy of his agreement about the turpentine. With copy articles of agreement, Westminster, 26 March 1692, between John, earl of Breadalbane, on one part, and Richard Frith and Elias Beake, on the other part, re piercing fir trees in Breadalbane's woods for extracting turpentine."
Person,Edinburgh,Breadalbane,Letter,Person,,Barcaldine,"1692, June 21",1,NRS - Breadalbane Correspondence,"""I hop be this tyme the unfortunat Glencoes mens eyes are opened, its best they make their aplicatione to all others their freinds, and they neid not doubt of myne as far as in justice I can, but ther afair will take tyme(.) its like it will be our wintters sessiones work ...."" Discusses estate matters involving Drumsynie's wife, the Lady Munyvard and the Baron McCorquidell."
Person,Edinburgh,Breadalbane,Letter,Person,,Barcaldine,"1692, Sep 22",1,NRS - Breadalbane Correspondence,
Person,,Alexander McDonald,Letter,Person,,Alexander Campbell of Barcardine,"1692, Jan 17",1,NRS - Breadalbane Correspondence,
Person,,John Campbell of Mamore,Letter,Person,,Breadalbane,"1690, Apr 19",1,NRS - Breadalbane Correspondence,
Person,,Breadalbane,Letter,Person,,"William Campbell, sheriff clerk of Caithness","1688, Jun 30",1,NRS - Breadalbane Correspondence,
Person,,J Farlane,Letter,Person,,Breadalbane,"1688, Mar 3",1,NRS - Breadalbane Correspondence,
Person,,Breadalbane,Letter,Person,,Mr. Dougall Londsay,"1691, Apr 2",1,NRS - Breadalbane Correspondence,
Person,,Breadalbane,Letter,Person,,Callum McIntyre,"1688, Aug 18",1,NRS - Breadalbane Correspondence,
Person,,J. Macleane,Letter,Person,,Breadalbane,"1689, May 20",1,NRS - Breadalbane Correspondence,
Person,,J. Pringle,Letter,Person,,Alexander Campbell of Barcardine,undated,1,NRS - Breadalbane Correspondence,
Person,,All. MacLaine,Letter,Person,,J. Macleane,"1692, Jun 9",1,NRS - Breadalbane Correspondence,
Person,London,Unknown,Letter,Person,Edinburgh,Archibald Brounlie,"1688, Feb 16",1,"NRS - Papers of the Smythe Family of Methven, Perthshire",reporting on state affairs
Person,London,Unknown,Letter,Person,Edinburgh,Robert Meine,"1688, Apr 21",1,"NRS - Papers of the Smythe Family of Methven, Perthshire","reporting on military activities in Europe, and on arrival of several French vessels at Falmouth."
Person,,Dunfermline,Letter,Person,,Melfort,"1689, Aug 29",1,"NRS - Papers of the Montgomerie Family, Earls of Eglinton",
Person,,Jean Gordon,Letter,Person,,Dunfermline,"1689, Oct 3",,,